[{"model": "contenttypes.contenttype", "fields": {"model": "logentry", "app_label": "admin"}, "pk": 1}, {"model": "contenttypes.contenttype", "fields": {"model": "permission", "app_label": "auth"}, "pk": 2}, {"model": "contenttypes.contenttype", "fields": {"model": "group", "app_label": "auth"}, "pk": 3}, {"model": "contenttypes.contenttype", "fields": {"model": "user", "app_label": "auth"}, "pk": 4}, {"model": "contenttypes.contenttype", "fields": {"model": "contenttype", "app_label": "contenttypes"}, "pk": 5}, {"model": "contenttypes.contenttype", "fields": {"model": "session", "app_label": "sessions"}, "pk": 6}, {"model": "contenttypes.contenttype", "fields": {"model": "site", "app_label": "sites"}, "pk": 7}, {"model": "contenttypes.contenttype", "fields": {"model": "gallery", "app_label": "photologue"}, "pk": 8}, {"model": "contenttypes.contenttype", "fields": {"model": "photo", "app_label": "photologue"}, "pk": 9}, {"model": "contenttypes.contenttype", "fields": {"model": "photoeffect", "app_label": "photologue"}, "pk": 10}, {"model": "contenttypes.contenttype", "fields": {"model": "watermark", "app_label": "photologue"}, "pk": 11}, {"model": "contenttypes.contenttype", "fields": {"model": "photosize", "app_label": "photologue"}, "pk": 12}, {"model": "sessions.session", "fields": {"session_data": "ODE0NmY1Y2VhOGQ4ZjkzYjgxZTljYzk3NjJkMDYxY2MwYmQ5NDI4Yzp7Il9hdXRoX3VzZXJfaGFzaCI6IjJkOTQzZTNmNTQ0ZjljYTA1NzVmNTE2NTYxODI5NmQ4NDY5N2U2Y2IiLCJfYXV0aF91c2VyX2JhY2tlbmQiOiJkamFuZ28uY29udHJpYi5hdXRoLmJhY2tlbmRzLk1vZGVsQmFja2VuZCIsIl9hdXRoX3VzZXJfaWQiOjF9", "expire_date": "2015-05-27T14:24:44.226Z"}, "pk": "3zpgbqnvbzzj8kv14sjjj9oemdinepl9"}, {"model": "sessions.session", "fields": {"session_data": "ZWNhZmI0Y2MwNzFlN2M4Y2E1YjMxYzc3NjVmMjE0MTI5ZTliOTI3Zjp7Il9hdXRoX3VzZXJfaGFzaCI6IjJkOTQzZTNmNTQ0ZjljYTA1NzVmNTE2NTYxODI5NmQ4NDY5N2U2Y2IiLCJfYXV0aF91c2VyX2lkIjoxLCJfYXV0aF91c2VyX2JhY2tlbmQiOiJkamFuZ28uY29udHJpYi5hdXRoLmJhY2tlbmRzLk1vZGVsQmFja2VuZCJ9", "expire_date": "2015-09-10T14:13:35.103Z"}, "pk": "499du7t431e62rotw2vn325iv6t1xztr"}, {"model": "sessions.session", "fields": {"session_data": "NDhlMzlkYjVjNjcyNDliYjhjNWUzZjBhODhiYTUwN2ZiYzExODVkOTp7Il9hdXRoX3VzZXJfaWQiOjEsIl9hdXRoX3VzZXJfYmFja2VuZCI6ImRqYW5nby5jb250cmliLmF1dGguYmFja2VuZHMuTW9kZWxCYWNrZW5kIiwiX2F1dGhfdXNlcl9oYXNoIjoiMmQ3NTdhYTY2YzkwMjZhOGE5ZjE3NDk4OGNlN2IzYzFmYTk2NDkzOSJ9", "expire_date": "2015-02-06T13:36:12.781Z"}, "pk": "4ml4kj0bxxu3gg1m5cqvjjf6z13u3a85"}, {"model": "sessions.session", "fields": {"session_data": "ZWNhZmI0Y2MwNzFlN2M4Y2E1YjMxYzc3NjVmMjE0MTI5ZTliOTI3Zjp7Il9hdXRoX3VzZXJfaGFzaCI6IjJkOTQzZTNmNTQ0ZjljYTA1NzVmNTE2NTYxODI5NmQ4NDY5N2U2Y2IiLCJfYXV0aF91c2VyX2lkIjoxLCJfYXV0aF91c2VyX2JhY2tlbmQiOiJkamFuZ28uY29udHJpYi5hdXRoLmJhY2tlbmRzLk1vZGVsQmFja2VuZCJ9", "expire_date": "2015-05-12T16:36:19.795Z"}, "pk": "5tthkng584rks5o5vy3upd0ht3xel4mr"}, {"model": "sessions.session", "fields": {"session_data": "ZTMxMTVmOGEyYTgzMzRkMGQyNjFmN2I2YjlhODE2ODM1Nzk5YzIyMzp7Il9hdXRoX3VzZXJfYmFja2VuZCI6ImRqYW5nby5jb250cmliLmF1dGguYmFja2VuZHMuTW9kZWxCYWNrZW5kIiwiX2F1dGhfdXNlcl9oYXNoIjoiZmU4MmRhNzhkNmVhNTE4ZDBlOTIxODQwYjg4NTAyNDAzNjRiNmEwZSIsIl9hdXRoX3VzZXJfaWQiOiIxIn0=", "expire_date": "2015-10-09T12:09:54.889Z"}, "pk": "d3nob0rgzlc2wumr2ggn655listz44aa"}, {"model": "sessions.session", "fields": {"session_data": "ODE0NmY1Y2VhOGQ4ZjkzYjgxZTljYzk3NjJkMDYxY2MwYmQ5NDI4Yzp7Il9hdXRoX3VzZXJfaGFzaCI6IjJkOTQzZTNmNTQ0ZjljYTA1NzVmNTE2NTYxODI5NmQ4NDY5N2U2Y2IiLCJfYXV0aF91c2VyX2JhY2tlbmQiOiJkamFuZ28uY29udHJpYi5hdXRoLmJhY2tlbmRzLk1vZGVsQmFja2VuZCIsIl9hdXRoX3VzZXJfaWQiOjF9", "expire_date": "2015-06-11T14:05:17.375Z"}, "pk": "eml6kjn5g0z39mt1w568nzk060tkisgy"}, {"model": "sessions.session", "fields": {"session_data": "ODE0NmY1Y2VhOGQ4ZjkzYjgxZTljYzk3NjJkMDYxY2MwYmQ5NDI4Yzp7Il9hdXRoX3VzZXJfaGFzaCI6IjJkOTQzZTNmNTQ0ZjljYTA1NzVmNTE2NTYxODI5NmQ4NDY5N2U2Y2IiLCJfYXV0aF91c2VyX2JhY2tlbmQiOiJkamFuZ28uY29udHJpYi5hdXRoLmJhY2tlbmRzLk1vZGVsQmFja2VuZCIsIl9hdXRoX3VzZXJfaWQiOjF9", "expire_date": "2015-07-15T17:23:23.433Z"}, "pk": "iuczywpx44948uflies700vnj74vcvry"}, {"model": "sessions.session", "fields": {"session_data": "YjhiM2RlYWI4YjA5YjgzMWY0YjNkYjliYmJhNDNiYTQzOTFiNTIwZjp7Il9hdXRoX3VzZXJfYmFja2VuZCI6ImRqYW5nby5jb250cmliLmF1dGguYmFja2VuZHMuTW9kZWxCYWNrZW5kIiwiX2F1dGhfdXNlcl9oYXNoIjoiMmQ3NTdhYTY2YzkwMjZhOGE5ZjE3NDk4OGNlN2IzYzFmYTk2NDkzOSIsIl9hdXRoX3VzZXJfaWQiOjF9", "expire_date": "2015-02-03T12:47:13.223Z"}, "pk": "k53wnxywp8sz8dqx4839k5zajs31ny4p"}, {"model": "sessions.session", "fields": {"session_data": "ODE0NmY1Y2VhOGQ4ZjkzYjgxZTljYzk3NjJkMDYxY2MwYmQ5NDI4Yzp7Il9hdXRoX3VzZXJfaGFzaCI6IjJkOTQzZTNmNTQ0ZjljYTA1NzVmNTE2NTYxODI5NmQ4NDY5N2U2Y2IiLCJfYXV0aF91c2VyX2JhY2tlbmQiOiJkamFuZ28uY29udHJpYi5hdXRoLmJhY2tlbmRzLk1vZGVsQmFja2VuZCIsIl9hdXRoX3VzZXJfaWQiOjF9", "expire_date": "2015-07-22T13:45:29.640Z"}, "pk": "lbguuhio1xgf5hf7jpzx65sjam22fs8t"}, {"model": "sessions.session", "fields": {"session_data": "ODE0NmY1Y2VhOGQ4ZjkzYjgxZTljYzk3NjJkMDYxY2MwYmQ5NDI4Yzp7Il9hdXRoX3VzZXJfaGFzaCI6IjJkOTQzZTNmNTQ0ZjljYTA1NzVmNTE2NTYxODI5NmQ4NDY5N2U2Y2IiLCJfYXV0aF91c2VyX2JhY2tlbmQiOiJkamFuZ28uY29udHJpYi5hdXRoLmJhY2tlbmRzLk1vZGVsQmFja2VuZCIsIl9hdXRoX3VzZXJfaWQiOjF9", "expire_date": "2015-07-22T12:45:00.710Z"}, "pk": "lyhrjl7x83l77bbayme3el0nx2k0ewiv"}, {"model": "sessions.session", "fields": {"session_data": "ZWNhZmI0Y2MwNzFlN2M4Y2E1YjMxYzc3NjVmMjE0MTI5ZTliOTI3Zjp7Il9hdXRoX3VzZXJfaGFzaCI6IjJkOTQzZTNmNTQ0ZjljYTA1NzVmNTE2NTYxODI5NmQ4NDY5N2U2Y2IiLCJfYXV0aF91c2VyX2lkIjoxLCJfYXV0aF91c2VyX2JhY2tlbmQiOiJkamFuZ28uY29udHJpYi5hdXRoLmJhY2tlbmRzLk1vZGVsQmFja2VuZCJ9", "expire_date": "2015-09-27T15:12:45.063Z"}, "pk": "qh0ay9fefe869sixsnr2trj0ty5kjnxx"}, {"model": "sessions.session", "fields": {"session_data": "ZTMxMTVmOGEyYTgzMzRkMGQyNjFmN2I2YjlhODE2ODM1Nzk5YzIyMzp7Il9hdXRoX3VzZXJfYmFja2VuZCI6ImRqYW5nby5jb250cmliLmF1dGguYmFja2VuZHMuTW9kZWxCYWNrZW5kIiwiX2F1dGhfdXNlcl9oYXNoIjoiZmU4MmRhNzhkNmVhNTE4ZDBlOTIxODQwYjg4NTAyNDAzNjRiNmEwZSIsIl9hdXRoX3VzZXJfaWQiOiIxIn0=", "expire_date": "2015-10-09T11:04:42.913Z"}, "pk": "x1fu7h5zw5uhvdnbsfsqzrddgytvevlc"}, {"model": "sessions.session", "fields": {"session_data": "NDhlMzlkYjVjNjcyNDliYjhjNWUzZjBhODhiYTUwN2ZiYzExODVkOTp7Il9hdXRoX3VzZXJfaWQiOjEsIl9hdXRoX3VzZXJfYmFja2VuZCI6ImRqYW5nby5jb250cmliLmF1dGguYmFja2VuZHMuTW9kZWxCYWNrZW5kIiwiX2F1dGhfdXNlcl9oYXNoIjoiMmQ3NTdhYTY2YzkwMjZhOGE5ZjE3NDk4OGNlN2IzYzFmYTk2NDkzOSJ9", "expire_date": "2015-01-22T15:25:24.750Z"}, "pk": "zji5saomcquxwjzvhvkkhyipg7qxxdvo"}, {"model": "sessions.session", "fields": {"session_data": "ZWNhZmI0Y2MwNzFlN2M4Y2E1YjMxYzc3NjVmMjE0MTI5ZTliOTI3Zjp7Il9hdXRoX3VzZXJfaGFzaCI6IjJkOTQzZTNmNTQ0ZjljYTA1NzVmNTE2NTYxODI5NmQ4NDY5N2U2Y2IiLCJfYXV0aF91c2VyX2lkIjoxLCJfYXV0aF91c2VyX2JhY2tlbmQiOiJkamFuZ28uY29udHJpYi5hdXRoLmJhY2tlbmRzLk1vZGVsQmFja2VuZCJ9", "expire_date": "2015-09-10T12:49:17.159Z"}, "pk": "zn5hezeulvepanzcedylqbthm42bv2rk"}, {"model": "sessions.session", "fields": {"session_data": "ODE0NmY1Y2VhOGQ4ZjkzYjgxZTljYzk3NjJkMDYxY2MwYmQ5NDI4Yzp7Il9hdXRoX3VzZXJfaGFzaCI6IjJkOTQzZTNmNTQ0ZjljYTA1NzVmNTE2NTYxODI5NmQ4NDY5N2U2Y2IiLCJfYXV0aF91c2VyX2JhY2tlbmQiOiJkamFuZ28uY29udHJpYi5hdXRoLmJhY2tlbmRzLk1vZGVsQmFja2VuZCIsIl9hdXRoX3VzZXJfaWQiOjF9", "expire_date": "2015-06-11T13:00:28.296Z"}, "pk": "zrnxjvn0cvu5z71v00rbt1llu6rgukb8"}, {"model": "sites.site", "fields": {"domain": "henkkamp.net", "name": "henkkamp.net"}, "pk": 1}, {"model": "photologue.gallery", "fields": {"is_public": true, "date_added": "2015-01-08T15:25:27Z", "sites": [1], "title": "Ceramiek", "description": "Voorbeelden van Ceramieken zijn aardewerk, steengoed en porselein. ", "photos": [91, 90, 35, 27, 26, 16, 15, 14, 12, 25, 62, 50, 51, 49, 28, 63, 45, 44, 46, 47, 48, 52, 53, 54, 59, 55, 56, 57, 60, 61, 58, 93, 94, 85, 86, 80, 84, 78, 76, 77, 74, 75, 69, 71, 70, 66], "slug": "ceramiek"}, "pk": 1}, {"model": "photologue.gallery", "fields": {"is_public": true, "date_added": "2015-01-13T15:16:43Z", "sites": [1], "title": "Houtsnijwerk", "description": "Houtsnijwerk is hout, dat bewerkt is met een stuk snijdgereedschap, waardoor het een bepaalde vorm krijgt. Dit wordt dan op bijvoorbeeld klokken of meubilair aangebracht om het er mooier uit te laten zien. Vroeger was dit het ambacht van de houtsnijder en de beeldsnijder.", "photos": [22, 21], "slug": "houtsnijwerk"}, "pk": 2}, {"model": "photologue.gallery", "fields": {"is_public": true, "date_added": "2015-01-13T15:17:26Z", "sites": [1], "title": "Messing - Brons", "description": "Messing of geelkoper is een legering van koper (55-70%) en zink (45-30%)\r\n\r\nBrons is een legering van koper en tin. Het tingehalte kan vari\u00ebren van ca. 10 tot 30%. De legering heeft een roodachtige tot gelige kleur, afhankelijk van het tingehalte.", "photos": [10, 31], "slug": "messing-brons"}, "pk": 3}, {"model": "photologue.gallery", "fields": {"is_public": true, "date_added": "2015-01-13T15:18:22Z", "sites": [1], "title": "Tin", "description": "In vroeger eeuwen werd tin vaak gebruikt om borden, bekers, kannen en bestek te maken. Het gesmolten tin werd door een tingieter in vormen gegoten.", "photos": [24, 29, 33, 30], "slug": "tin"}, "pk": 4}, {"model": "photologue.gallery", "fields": {"is_public": true, "date_added": "2015-01-13T15:19:36Z", "sites": [1], "title": "Zilver", "description": "Zilver is een veelgebruikt materiaal in de toegepaste kunst voor de vervaardiging van reli\u00ebfs, portretbustes, reliekhouders, doopschelpen en ander liturgisch vaatwerk, kandelaars, tabaks- en snuifdozen, koffiekannen, tafelzilver en andere sier- en gebruiksvoorwerpen.\r\n\r\nSterlingzilver (legering met zeer hoog zilvergehalte) wordt door edelsmeden veel gebruikt voor de vervaardiging van sieraden.\r\n\r\nZilver wordt ook gebruikt om voorwerpen gemaakt van minderwaardige metalen te verzilveren.\r\n", "photos": [19, 17, 126, 125], "slug": "zilver"}, "pk": 5}, {"model": "photologue.gallery", "fields": {"is_public": true, "date_added": "2015-07-07T13:25:48Z", "sites": [1], "title": "Kaarten en Prenten", "description": "", "photos": [32, 124], "slug": "kaarten-en-prenten"}, "pk": 7}, {"model": "photologue.gallery", "fields": {"is_public": true, "date_added": "2015-08-27T11:31:17Z", "sites": [1], "title": "klokken", "description": "Antieke klokken en zonnewijzers. ", "photos": [36, 38, 39, 40, 43, 119, 118, 123, 122, 121, 120], "slug": "klokken"}, "pk": 10}, {"model": "photologue.gallery", "fields": {"is_public": true, "date_added": "2015-08-27T13:59:57Z", "sites": [1], "title": "diversen", "description": "", "photos": [98, 103, 104, 105, 106, 107, 108, 110, 111, 112, 113, 114, 116, 134, 133, 131, 132, 129, 130, 128, 127], "slug": "diversen"}, "pk": 12}, {"model": "photologue.photo", "fields": {"date_added": "2015-05-13T14:45:31Z", "is_public": true, "image": "photologue/photos/wijnkelderkandelaar.jpg", "view_count": 919, "date_taken": "2015-05-13T15:03:36.948Z", "effect": null, "sites": [1], "crop_from": "center", "caption": "Messing en houten wijnkelderkandelaar. \r\nFrankrijk, 18e eeuw.\r\nLengte: 30 cm.", "slug": "wijnkelderkandelaar", "title": "Wijnkelderkandelaar"}, "pk": 10}, {"model": "photologue.photo", "fields": {"date_added": "2015-05-13T15:04:18Z", "is_public": true, "image": "photologue/photos/vaas-delft-17e.jpg", "view_count": 715, "date_taken": "2015-05-13T15:05:25.793Z", "effect": null, "sites": [1], "crop_from": "center", "caption": "Delfts aardewerk vaas met Chinoiserie afbeelding. \r\nEind 17e eeuw.", "slug": "delftse-vaas-17e-eeuw", "title": "Delftse vaas, 17e eeuw"}, "pk": 12}, {"model": "photologue.photo", "fields": {"date_added": "2015-05-13T15:06:36Z", "is_public": true, "image": "photologue/photos/schotel-bloemenvaas.jpg", "view_count": 728, "date_taken": "2015-05-13T15:07:09.410Z", "effect": null, "sites": [1], "crop_from": "center", "caption": "Delfts aardewerk, schotel met bloemenvaas afbeelding. 18e eeuw. \r\nDoorsnede 30,1 cm. ", "slug": "delftse-schotel-bloemenvaas", "title": "Delftse schotel, bloemenvaas"}, "pk": 14}, {"model": "photologue.photo", "fields": {"date_added": "2015-05-13T15:07:29Z", "is_public": true, "image": "photologue/photos/schotel-bloemen.jpg", "view_count": 698, "date_taken": "2015-05-13T15:07:57.651Z", "effect": null, "sites": [1], "crop_from": "center", "caption": "Schotel, Delfts aardewerk, 18e eeuw. \r\nDoorsnede 30,4 cm.", "slug": "delftse-schotel-bloemen", "title": "Delftse schotel, bloemen"}, "pk": 15}, {"model": "photologue.photo", "fields": {"date_added": "2015-05-13T15:07:59Z", "is_public": true, "image": "photologue/photos/scheerschotel.jpg", "view_count": 716, "date_taken": "2015-05-13T15:08:17.100Z", "effect": null, "sites": [1], "crop_from": "center", "caption": "Delfts aardewerk, scheerschotel, 18e eeuw. \r\nDoorsnede 25,1 cm.", "slug": "delftse-scheerschotel", "title": "Delftse Scheerschotel"}, "pk": 16}, {"model": "photologue.photo", "fields": {"date_added": "2015-05-13T15:08:33Z", "is_public": true, "image": "photologue/photos/rammelaar-zilver.jpg", "view_count": 579, "date_taken": "2015-05-13T15:08:57.385Z", "effect": null, "sites": [1], "crop_from": "center", "caption": "Zilveren rammelaar, 17e eeuw, Nederlands. ", "slug": "zilveren-rammelaar", "title": "Zilveren rammelaar"}, "pk": 17}, {"model": "photologue.photo", "fields": {"date_added": "2015-05-13T15:08:59Z", "is_public": true, "image": "photologue/photos/olielamp-tin.jpg", "view_count": 356, "date_taken": "2015-05-13T15:09:27.526Z", "effect": null, "sites": [1], "crop_from": "center", "caption": "Olielamp met glazen reservoir. \r\nDuits, 19e eeuw. \r\nHoogte 36,5 cm. ", "slug": "olielamp", "title": "Olielamp"}, "pk": 18}, {"model": "photologue.photo", "fields": {"date_added": "2015-05-13T15:09:33Z", "is_public": true, "image": "photologue/photos/kandelaar-zilver.jpg", "view_count": 875, "date_taken": "2015-05-13T15:09:56.340Z", "effect": null, "sites": [1], "crop_from": "center", "caption": "Zilveren kandelaar, 17e eeuw, Nederlands. Kinderspeelgoed. ", "slug": "zilveren-kandelaar", "title": "Zilveren kandelaar"}, "pk": 19}, {"model": "photologue.photo", "fields": {"date_added": "2015-05-13T15:09:56Z", "is_public": true, "image": "photologue/photos/eric-claus-de-wachter.jpg", "view_count": 375, "date_taken": "2015-05-13T15:10:22.914Z", "effect": null, "sites": [1], "crop_from": "center", "caption": "Bronzen beeld: De Wachter. \r\nEric Claus, Nederlands, 20e eeuw. \r\nHoogte (zonder sokkel) 13,7 cm. ", "slug": "de-wachter", "title": "De Wachter."}, "pk": 20}, {"model": "photologue.photo", "fields": {"date_added": "2015-05-13T15:10:23Z", "is_public": true, "image": "photologue/photos/engelenkop-hout-detail.jpg", "view_count": 917, "date_taken": "2015-05-13T15:11:45.449Z", "effect": null, "sites": [1], "crop_from": "center", "caption": "Eikenhouten engelenkop. \r\nNoord-Nederlands, eind 18e eeuw. \r\nBreedte 42 cm. ", "slug": "engelenkop-detail", "title": "Engelenkop detail"}, "pk": 21}, {"model": "photologue.photo", "fields": {"date_added": "2015-05-13T15:11:45Z", "is_public": true, "image": "photologue/photos/engelenkop-hout.jpg", "view_count": 915, "date_taken": "2015-05-13T15:12:15.073Z", "effect": null, "sites": [1], "crop_from": "center", "caption": "Eikenhouten engelenkop. \r\nNoord-Nederlands, eind 18e eeuw. \r\nBreedte 42 cm. ", "slug": "engelenkop", "title": "Engelenkop"}, "pk": 22}, {"model": "photologue.photo", "fields": {"date_added": "2015-05-13T15:12:15Z", "is_public": true, "image": "photologue/photos/chanouka-judaica.jpg", "view_count": 369, "date_taken": "2015-05-13T15:12:54.318Z", "effect": null, "sites": [1], "crop_from": "center", "caption": "Messing Chanouka, Nederlands. \r\n18e eeuw.\r\nHoogte, 26,9 cm.", "slug": "chanouka-judaica-nederlands", "title": "Chanouka, Judaica, Nederlands"}, "pk": 23}, {"model": "photologue.photo", "fields": {"date_added": "2015-05-13T15:12:54Z", "is_public": true, "image": "photologue/photos/bord-relief-tin.jpg", "view_count": 925, "date_taken": "2015-05-13T15:13:22.271Z", "effect": null, "sites": [1], "crop_from": "center", "caption": "Bord, reli\u00ebf tin. Frankrijk, 18e eeuw. \r\nDeels verguld. \r\nDoorsnede 24,7 cm. ", "slug": "bord-relief-tin", "title": "Bord, reli\u00ebf tin"}, "pk": 24}, {"model": "photologue.photo", "fields": {"date_added": "2015-05-13T15:13:22Z", "is_public": true, "image": "photologue/photos/bord-delft-vaas2.jpg", "view_count": 709, "date_taken": "2015-05-13T15:13:59.282Z", "effect": null, "sites": [1], "crop_from": "center", "caption": "Delfts aardewerk, bordje met bloemenvaas afbeelding. \r\nEind 18e eeuw.\r\nDoorsnede 23,1 cm. ", "slug": "delfts-bordje", "title": "Delfts bordje, bloemenvaas"}, "pk": 25}, {"model": "photologue.photo", "fields": {"date_added": "2015-05-13T15:13:59Z", "is_public": true, "image": "photologue/photos/bord-delft-vaas.jpg", "view_count": 751, "date_taken": "2015-05-13T15:14:56.227Z", "effect": null, "sites": [1], "crop_from": "center", "caption": "Delfts aardewerk, bordje met bloemenvaas afbeelding. \r\nEind 18e eeuw.\r\nDoorsnede 22,4 cm. ", "slug": "delfts-bordje-bloemenvaas", "title": "Delfts bordje, bloemenvaas met gele ring"}, "pk": 26}, {"model": "photologue.photo", "fields": {"date_added": "2015-05-13T15:14:56Z", "is_public": true, "image": "photologue/photos/bord-delft-boeren.jpg", "view_count": 677, "date_taken": "2015-05-13T15:15:31.580Z", "effect": null, "sites": [1], "crop_from": "center", "caption": "Delfts aardewerk, boeren landschap. \r\n18e eeuw. \r\nDoorsnede 22 cm.", "slug": "delfts-bordje-boeren-landschap", "title": "Delfts bordje, boeren landschap"}, "pk": 27}, {"model": "photologue.photo", "fields": {"date_added": "2015-05-13T15:15:31Z", "is_public": true, "image": "photologue/photos/bord-delft-19e.jpg", "view_count": 476, "date_taken": "2015-05-13T15:16:39.115Z", "effect": null, "sites": [1], "crop_from": "center", "caption": "Delfts aardewerk, bordje met bloemen afbeelding. \r\nEerste helft 19e eeuw. \r\nDoorsnede 22,7 cm. ", "slug": "delfts-bordje-bloemen", "title": "Delfts bordje, bloemen"}, "pk": 28}, {"model": "photologue.photo", "fields": {"date_added": "2015-05-28T14:20:25Z", "is_public": true, "image": "photologue/photos/2099.jpg", "view_count": 982, "date_taken": "2015-05-28T14:36:18.621Z", "effect": null, "sites": [1], "crop_from": "center", "caption": "Stel vaasvormige, tinnen theebusjes in zigzag gravure versierd met bloemmotieven.\r\nNederlands, begin 18e eeuw. Gemerkt onder de bodem: onbekende meester.\r\nAfmetingen: Hoogte 13 cm. Doorsnee voet 5 cm.\r\n", "slug": "stel-18e-eeuwse-theebusjes", "title": "Stel 18e eeuwse theebusjes "}, "pk": 29}, {"model": "photologue.photo", "fields": {"date_added": "2015-07-07T13:04:00Z", "is_public": true, "image": "photologue/photos/2366 a.jpg", "view_count": 871, "date_taken": "2015-07-07T13:06:51.243Z", "effect": null, "sites": [1], "crop_from": "center", "caption": "", "slug": "cabaret-18e-eeuw", "title": "cabaret 18e eeuw"}, "pk": 30}, {"model": "photologue.photo", "fields": {"date_added": "2015-07-07T13:06:51Z", "is_public": true, "image": "photologue/photos/kandelaar.jpg", "view_count": 839, "date_taken": "2015-07-07T13:08:31.101Z", "effect": null, "sites": [1], "crop_from": "top", "caption": "", "slug": "kandelaar-17e-18e-eeuw", "title": "kandelaar 17e 18e eeuw"}, "pk": 31}, {"model": "photologue.photo", "fields": {"date_added": "2015-07-07T13:08:32Z", "is_public": true, "image": "photologue/photos/jerusalem.jpg", "view_count": 823, "date_taken": "2015-07-07T13:11:58.693Z", "effect": null, "sites": [1], "crop_from": "center", "caption": "", "slug": "johann-daniel-herz-jerusalem", "title": "Johann Daniel Herz: Jerusalem"}, "pk": 32}, {"model": "photologue.photo", "fields": {"date_added": "2015-07-07T13:16:42Z", "is_public": true, "image": "photologue/photos/kardinaalbord.jpg", "view_count": 925, "date_taken": "2015-07-07T13:21:29.805Z", "effect": null, "sites": [1], "crop_from": "center", "caption": "", "slug": "kardinaalschotel-17e-eeuw-parijs", "title": "Kardinaalschotel 17e eeuw Parijs"}, "pk": 33}, {"model": "photologue.photo", "fields": {"date_added": "2015-07-08T15:51:47Z", "is_public": true, "image": "photologue/photos/Antiek mei 1974 1.jpg", "view_count": 295, "date_taken": "2015-07-08T15:51:47.911Z", "effect": null, "sites": [1], "crop_from": "center", "caption": "Provenance van het bord Willem & Mary.\r\nTijdschrift \"Antiek\" mei 1974.", "slug": "schotel-willem-mary-provenance", "title": "Schotel Willem & Mary (provenance)"}, "pk": 35}, {"model": "photologue.photo", "fields": {"date_added": "2015-08-27T11:31:17Z", "is_public": true, "image": "photologue/photos/klokken RIMG0003.JPG", "view_count": 363, "date_taken": "2015-08-27T11:31:17.935Z", "effect": null, "sites": [1], "crop_from": "center", "caption": "Volledig gerestaureerde lantaarnklok uit de 18e eeuw. Geheel origineel.\r\nDit is een eenwijzerig uurwerk. Wijzerplaat van koper en email. ", "slug": "lantaarnklok-parijs-18e-eeuw", "title": "Lantaarnklok Parijs 18e eeuw"}, "pk": 36}, {"model": "photologue.photo", "fields": {"date_added": "2015-08-27T11:31:22Z", "is_public": true, "image": "photologue/photos/klokken RIMG0231.JPG", "view_count": 393, "date_taken": "2015-08-27T11:31:22.837Z", "effect": null, "sites": [1], "crop_from": "center", "caption": "17e eeuwse houten klap- of reiszonnewijzer. Mogelijk Leonhart Miller.\r\n", "slug": "zakzonnewijzer", "title": "Zakzonnewijzer "}, "pk": 38}, {"model": "photologue.photo", "fields": {"date_added": "2015-08-27T11:31:23Z", "is_public": true, "image": "photologue/photos/klokken duitse stoelklok.JPG", "view_count": 395, "date_taken": "2015-08-27T11:31:23.132Z", "effect": 1, "sites": [1], "crop_from": "center", "caption": "17e - 18e eeuwse duitse stoelklok.", "slug": "duitse-stoelklok", "title": "Duitse stoelklok"}, "pk": 39}, {"model": "photologue.photo", "fields": {"date_added": "2015-08-27T11:31:25Z", "is_public": true, "image": "photologue/photos/klokken losse kop.jpg", "view_count": 380, "date_taken": "2015-08-27T11:31:25.708Z", "effect": null, "sites": [1], "crop_from": "center", "caption": "Westfaalse klokkenkop, 18e - 19e eeuw. Volledig gerestaureerd. ", "slug": "westfaalse-klok-lichtbruin", "title": "Westfaalse klok, lichtbruine eiken kast"}, "pk": 40}, {"model": "photologue.photo", "fields": {"date_added": "2015-08-27T11:31:27Z", "is_public": true, "image": "photologue/photos/klokken rikketik.jpg", "view_count": 387, "date_taken": "2015-08-27T11:31:27.893Z", "effect": null, "sites": [1], "crop_from": "center", "caption": "Westfaalse klokkenkop uit 18e - 19e eeuw. Geheel gerestaureerd. Tinnen apliques waaronder engeltjes. ", "slug": "westfaalse-klok-donkerbruin", "title": "Westfaalse klok, donkerbruine eiken kast. "}, "pk": 43}, {"model": "photologue.photo", "fields": {"date_added": "2015-08-27T11:50:16Z", "is_public": true, "image": "photologue/photos/ceramiek  arita 17e achterkant.JPG", "view_count": 274, "date_taken": "2015-08-27T11:50:16.198Z", "effect": null, "sites": [1], "crop_from": "center", "caption": "", "slug": "arita-bord-achterkant", "title": "Arita bord, achterkant"}, "pk": 44}, {"model": "photologue.photo", "fields": {"date_added": "2015-08-27T11:50:16Z", "is_public": true, "image": "photologue/photos/ceramiek  arita 17e.JPG", "view_count": 274, "date_taken": "2015-08-27T11:50:16.477Z", "effect": null, "sites": [1], "crop_from": "center", "caption": "Bloemmotief, achterkant met proenen. ", "slug": "arita-bord-17e-eeuw", "title": "Arita bord, 17e eeuw"}, "pk": 45}, {"model": "photologue.photo", "fields": {"date_added": "2015-08-27T11:50:16Z", "is_public": true, "image": "photologue/photos/ceramiek  chinees lekschaal achterkant.JPG", "view_count": 274, "date_taken": "2015-08-27T11:50:16.840Z", "effect": null, "sites": [1], "crop_from": "center", "caption": "", "slug": "blauw-wit-chinees-lekbord-onderkant", "title": "Blauw wit chinees lekbord, onderkant"}, "pk": 46}, {"model": "photologue.photo", "fields": {"date_added": "2015-08-27T11:50:17Z", "is_public": true, "image": "photologue/photos/ceramiek  chinees lekschaal.JPG", "view_count": 285, "date_taken": "2015-08-27T11:50:17.075Z", "effect": null, "sites": [1], "crop_from": "center", "caption": "18e eeuw, China. Doorsnede 35,7cm.", "slug": "blauw-wit-chinees-lekbord", "title": "Blauw wit chinees lekbord"}, "pk": 47}, {"model": "photologue.photo", "fields": {"date_added": "2015-08-27T11:50:17Z", "is_public": true, "image": "photologue/photos/ceramiek  delfts lekbord.JPG", "view_count": 259, "date_taken": "2015-08-27T11:50:17.434Z", "effect": null, "sites": [1], "crop_from": "center", "caption": "18e eeuw, Nederland. ", "slug": "blauw-wit-delfts-lekbord", "title": "Blauw wit delfts lekbord"}, "pk": 48}, {"model": "photologue.photo", "fields": {"date_added": "2015-08-27T11:50:17Z", "is_public": false, "image": "photologue/photos/ceramiek  delfts mandoline 2.JPG", "view_count": 31, "date_taken": "2015-08-27T11:50:17.592Z", "effect": null, "sites": [1], "crop_from": "center", "caption": "", "slug": "delftse-mandoline-achterkant", "title": "Delftse mandoline, achterkant"}, "pk": 49}, {"model": "photologue.photo", "fields": {"date_added": "2015-08-27T11:50:17Z", "is_public": false, "image": "photologue/photos/ceramiek  delfts mandoline 3.JPG", "view_count": 31, "date_taken": "2015-08-27T11:50:17.827Z", "effect": null, "sites": [1], "crop_from": "center", "caption": "", "slug": "delftse-mandoline", "title": "Delftse mandoline"}, "pk": 50}, {"model": "photologue.photo", "fields": {"date_added": "2015-08-27T11:50:17Z", "is_public": false, "image": "photologue/photos/ceramiek  delfts mandoline.JPG", "view_count": 30, "date_taken": "2015-08-27T11:50:18.001Z", "effect": null, "sites": [1], "crop_from": "center", "caption": "", "slug": "delftse-mandoline-voorkant", "title": "Delftse mandoline, voorkant"}, "pk": 51}, {"model": "photologue.photo", "fields": {"date_added": "2015-08-27T11:50:18Z", "is_public": false, "image": "photologue/photos/ceramiek  samson 1.JPG", "view_count": 31, "date_taken": "2015-08-27T11:50:18.239Z", "effect": null, "sites": [1], "crop_from": "center", "caption": "", "slug": "samson-kop-en-schotels-gestapeld", "title": "Samson kop en schotels, gestapeld"}, "pk": 52}, {"model": "photologue.photo", "fields": {"date_added": "2015-08-27T11:50:18Z", "is_public": false, "image": "photologue/photos/ceramiek  samson 10.JPG", "view_count": 35, "date_taken": "2015-08-27T11:50:18.732Z", "effect": null, "sites": [1], "crop_from": "center", "caption": "", "slug": "samson-kop", "title": "Samson kop"}, "pk": 53}, {"model": "photologue.photo", "fields": {"date_added": "2015-08-27T11:50:19Z", "is_public": false, "image": "photologue/photos/ceramiek  samson 11.JPG", "view_count": 35, "date_taken": "2015-08-27T11:50:19.229Z", "effect": null, "sites": [1], "crop_from": "center", "caption": "", "slug": "samson-schotel", "title": "Samson schotel"}, "pk": 54}, {"model": "photologue.photo", "fields": {"date_added": "2015-08-27T11:50:19Z", "is_public": false, "image": "photologue/photos/ceramiek  samson 2.JPG", "view_count": 33, "date_taken": "2015-08-27T11:50:19.721Z", "effect": null, "sites": [1], "crop_from": "center", "caption": "", "slug": "samson-kop-en-schotels-overzicht-2", "title": "Samson kop en schotels, overzicht 2"}, "pk": 55}, {"model": "photologue.photo", "fields": {"date_added": "2015-08-27T11:50:20Z", "is_public": false, "image": "photologue/photos/ceramiek  samson 3.JPG", "view_count": 34, "date_taken": "2015-08-27T11:50:20.223Z", "effect": null, "sites": [1], "crop_from": "center", "caption": "", "slug": "samson-kop-en-schotels-overzicht-3", "title": "Samson kop en schotels, overzicht 3"}, "pk": 56}, {"model": "photologue.photo", "fields": {"date_added": "2015-08-27T11:50:20Z", "is_public": false, "image": "photologue/photos/ceramiek  samson 4.JPG", "view_count": 34, "date_taken": "2015-08-27T11:50:20.727Z", "effect": null, "sites": [1], "crop_from": "center", "caption": "", "slug": "samson-kop-en-schotels-overzicht-4", "title": "Samson kop en schotels, overzicht 4"}, "pk": 57}, {"model": "photologue.photo", "fields": {"date_added": "2015-08-27T11:50:21Z", "is_public": true, "image": "photologue/photos/ceramiek  samson 6.JPG", "view_count": 271, "date_taken": "2015-08-27T11:50:21.232Z", "effect": null, "sites": [1], "crop_from": "center", "caption": "", "slug": "samson-kop-en-schotels-achterkant", "title": "Samson kop en schotels, achterkant"}, "pk": 58}, {"model": "photologue.photo", "fields": {"date_added": "2015-08-27T11:50:21Z", "is_public": true, "image": "photologue/photos/ceramiek  samson 7.JPG", "view_count": 265, "date_taken": "2015-08-27T11:50:21.775Z", "effect": null, "sites": [1], "crop_from": "center", "caption": "", "slug": "samson-kop-en-schotels", "title": "Samson kop en schotels"}, "pk": 59}, {"model": "photologue.photo", "fields": {"date_added": "2015-08-27T11:50:22Z", "is_public": false, "image": "photologue/photos/ceramiek  samson 8.JPG", "view_count": 34, "date_taken": "2015-08-27T11:50:22.323Z", "effect": null, "sites": [1], "crop_from": "center", "caption": "", "slug": "samson-kop-en-schotels-overzicht-5", "title": "Samson kop en schotels, overzicht 5"}, "pk": 60}, {"model": "photologue.photo", "fields": {"date_added": "2015-08-27T11:50:22Z", "is_public": false, "image": "photologue/photos/ceramiek  samson 9.JPG", "view_count": 34, "date_taken": "2015-08-27T11:50:22.829Z", "effect": null, "sites": [1], "crop_from": "center", "caption": "", "slug": "samson-kop-en-schotels-overzicht-6", "title": "Samson kop en schotels, overzicht 6"}, "pk": 61}, {"model": "photologue.photo", "fields": {"date_added": "2015-08-27T11:50:23Z", "is_public": true, "image": "photologue/photos/ceramiek delftsbord.jpg", "view_count": 269, "date_taken": "2015-08-27T11:50:23.336Z", "effect": null, "sites": [1], "crop_from": "center", "caption": "Doorsnede 29,7cm.", "slug": "delfts-bord-18e-eeuw", "title": "Delfts bord, 18e eeuw"}, "pk": 62}, {"model": "photologue.photo", "fields": {"date_added": "2015-08-27T13:08:45Z", "is_public": true, "image": "photologue/photos/ceramiek RIMG0077.JPG", "view_count": 261, "date_taken": "2015-08-27T13:08:45.547Z", "effect": 1, "sites": [1], "crop_from": "top", "caption": "", "slug": "arita-kaststel-driedelig-17e-eeuw", "title": "Arita kaststel, driedelig 17e eeuw"}, "pk": 63}, {"model": "photologue.photo", "fields": {"date_added": "2015-08-27T13:08:49Z", "is_public": true, "image": "photologue/photos/ceramiek RIMG0271.JPG", "view_count": 264, "date_taken": "2015-08-27T13:08:49.658Z", "effect": null, "sites": [1], "crop_from": "top", "caption": "18e - 19e eeuw. ", "slug": "inkpot-van-geglazuurd-aardewerk", "title": "Inkpot van geglazuurd aardewerk"}, "pk": 66}, {"model": "photologue.photo", "fields": {"date_added": "2015-08-27T13:08:50Z", "is_public": true, "image": "photologue/photos/ceramiek RIMG0274.JPG", "view_count": 270, "date_taken": "2015-08-27T13:08:50.428Z", "effect": null, "sites": [1], "crop_from": "top", "caption": "", "slug": "inkpot-van-geglazuurd-aardewerk-detail", "title": "Inkpot van geglazuurd aardewerk, detail"}, "pk": 69}, {"model": "photologue.photo", "fields": {"date_added": "2015-08-27T13:08:50Z", "is_public": true, "image": "photologue/photos/ceramiek RIMG0295.JPG", "view_count": 264, "date_taken": "2015-08-27T13:08:50.552Z", "effect": null, "sites": [1], "crop_from": "center", "caption": "Pispot, 19e eeuw Frankrijk.", "slug": "wit-delftse-pispot-frankrijk", "title": "Wit delftse pispot, Frankrijk"}, "pk": 70}, {"model": "photologue.photo", "fields": {"date_added": "2015-08-27T13:08:50Z", "is_public": true, "image": "photologue/photos/ceramiek RIMG0296.JPG", "view_count": 268, "date_taken": "2015-08-27T13:08:50.946Z", "effect": null, "sites": [1], "crop_from": "center", "caption": "", "slug": "wit-delftse-pispot-frankrijk-onderkant", "title": "Wit delftse pispot, Frankrijk, onderkant"}, "pk": 71}, {"model": "photologue.photo", "fields": {"date_added": "2015-08-27T13:08:51Z", "is_public": true, "image": "photologue/photos/ceramiek RIMG0299.JPG", "view_count": 264, "date_taken": "2015-08-27T13:08:51.553Z", "effect": null, "sites": [1], "crop_from": "top", "caption": "18e - 19e eeuw, Duitsland. ", "slug": "wit-delftse-kan-duitsland", "title": "Wit delftse kan, Duitsland"}, "pk": 74}, {"model": "photologue.photo", "fields": {"date_added": "2015-08-27T13:08:51Z", "is_public": true, "image": "photologue/photos/ceramiek RIMG0300.JPG", "view_count": 266, "date_taken": "2015-08-27T13:08:51.811Z", "effect": null, "sites": [1], "crop_from": "center", "caption": "", "slug": "wit-delftse-kan-duitsland-onderkant", "title": "Wit delftse kan, Duitsland, onderkant"}, "pk": 75}, {"model": "photologue.photo", "fields": {"date_added": "2015-08-27T13:08:52Z", "is_public": true, "image": "photologue/photos/ceramiek RIMG0301.JPG", "view_count": 263, "date_taken": "2015-08-27T13:08:52.034Z", "effect": null, "sites": [1], "crop_from": "center", "caption": "", "slug": "wit-delftse-kan-duitsland-bovenkant", "title": "Wit delftse kan, Duitsland, bovenkant"}, "pk": 76}, {"model": "photologue.photo", "fields": {"date_added": "2015-08-27T13:08:52Z", "is_public": false, "image": "photologue/photos/ceramiek RIMG0307.JPG", "view_count": 46, "date_taken": "2015-08-27T13:08:52.239Z", "effect": null, "sites": [1], "crop_from": "center", "caption": "18e eeuw, Nederland. ", "slug": "blauw-wit-delfts-lekbord-boven", "title": "Blauw wit delfts lekbord, boven"}, "pk": 77}, {"model": "photologue.photo", "fields": {"date_added": "2015-08-27T13:08:52Z", "is_public": true, "image": "photologue/photos/ceramiek RIMG0309.JPG", "view_count": 275, "date_taken": "2015-08-27T13:08:52.525Z", "effect": null, "sites": [1], "crop_from": "center", "caption": "", "slug": "blauw-wit-delfts-lekbord-onderkant", "title": "Blauw wit delfts lekbord, onderkant"}, "pk": 78}, {"model": "photologue.photo", "fields": {"date_added": "2015-08-27T13:08:53Z", "is_public": false, "image": "photologue/photos/ceramiek RIMG0311.JPG", "view_count": 11, "date_taken": "2015-08-27T13:08:53.042Z", "effect": null, "sites": [1], "crop_from": "center", "caption": "18e eeuw, Nederland. Doorsnede 22cm.", "slug": "veelkleurige-delftse-kom", "title": "Veelkleurige delftse kom"}, "pk": 80}, {"model": "photologue.photo", "fields": {"date_added": "2015-08-27T13:08:54Z", "is_public": true, "image": "photologue/photos/ceramiek RIMG0315.JPG", "view_count": 273, "date_taken": "2015-08-27T13:08:54.088Z", "effect": null, "sites": [1], "crop_from": "center", "caption": "", "slug": "veelkleurige-delftse-kom-onderkant", "title": "Veelkleurige delftse kom, onderkant"}, "pk": 84}, {"model": "photologue.photo", "fields": {"date_added": "2015-08-27T13:08:54Z", "is_public": true, "image": "photologue/photos/ceramiek RIMG0320.JPG", "view_count": 281, "date_taken": "2015-08-27T13:08:54.360Z", "effect": null, "sites": [1], "crop_from": "center", "caption": "18e eeuw, China. Doorsnede 38cm. ", "slug": "blauw-wit-chinese-schotel", "title": "Blauw wit chinese schotel"}, "pk": 85}, {"model": "photologue.photo", "fields": {"date_added": "2015-08-27T13:08:54Z", "is_public": true, "image": "photologue/photos/ceramiek RIMG0321.JPG", "view_count": 283, "date_taken": "2015-08-27T13:08:54.627Z", "effect": null, "sites": [1], "crop_from": "center", "caption": "", "slug": "blauw-wit-chinese-schotel-onderkant", "title": "Blauw wit chinese schotel, onderkant"}, "pk": 86}, {"model": "photologue.photo", "fields": {"date_added": "2015-08-27T13:08:56Z", "is_public": true, "image": "photologue/photos/ceramiek W&M achterkant.JPG", "view_count": 278, "date_taken": "2015-08-27T13:08:56.608Z", "effect": null, "sites": [1], "crop_from": "center", "caption": "", "slug": "schotel-willem-mary-onderkant", "title": "Schotel Willem & Mary, onderkant"}, "pk": 90}, {"model": "photologue.photo", "fields": {"date_added": "2015-08-27T13:08:56Z", "is_public": true, "image": "photologue/photos/ceramiek W&M.JPG", "view_count": 285, "date_taken": "2015-08-27T13:08:56.870Z", "effect": null, "sites": [1], "crop_from": "center", "caption": "Schotel, Delfts aardewerk, eind 17e eeuw. \r\nDoorsnede 34,7cm. Breuk gerestaureerd.", "slug": "schotel-willem-mary", "title": "Schotel Willem & Mary"}, "pk": 91}, {"model": "photologue.photo", "fields": {"date_added": "2015-08-27T13:08:58Z", "is_public": true, "image": "photologue/photos/ceramiek savona 1 (2).JPG", "view_count": 281, "date_taken": "2015-08-27T13:08:58.249Z", "effect": null, "sites": [1], "crop_from": "center", "caption": "18e eeuw, Savona Italie. Doorsnede 27,3 cm, gebarsten.", "slug": "bord-savona", "title": "Bord, Savona"}, "pk": 93}, {"model": "photologue.photo", "fields": {"date_added": "2015-08-27T13:08:58Z", "is_public": true, "image": "photologue/photos/ceramiek savona achtrekant.JPG", "view_count": 289, "date_taken": "2015-08-27T13:08:58.603Z", "effect": null, "sites": [1], "crop_from": "center", "caption": "", "slug": "bord-savona-achterkant", "title": "Bord, Savona, achterkant"}, "pk": 94}, {"model": "photologue.photo", "fields": {"date_added": "2015-08-27T13:08:59Z", "is_public": false, "image": "photologue/photos/ceramiek theebusje.jpg", "view_count": 36, "date_taken": "2015-08-27T13:08:59.949Z", "effect": null, "sites": [1], "crop_from": "center", "caption": "", "slug": "theebus-delfts", "title": "theebus delfts"}, "pk": 96}, {"model": "photologue.photo", "fields": {"date_added": "2015-08-27T13:59:59Z", "is_public": true, "image": "photologue/photos/diversen RIMG0071.JPG", "view_count": 298, "date_taken": "2015-08-27T13:59:59.098Z", "effect": 1, "sites": [1], "crop_from": "center", "caption": "globe Ludwig Julius Heymann Berlin ca 1880", "slug": "globe-op-houten-gedraaide-voet", "title": "globe op houten gedraaide voet"}, "pk": 98}, {"model": "photologue.photo", "fields": {"date_added": "2015-08-27T14:00:14Z", "is_public": false, "image": "photologue/photos/diversen RIMG0236.JPG", "view_count": 19, "date_taken": "2015-08-27T14:00:14.634Z", "effect": null, "sites": [1], "crop_from": "top", "caption": "", "slug": "kruis", "title": "kruis"}, "pk": 103}, {"model": "photologue.photo", "fields": {"date_added": "2015-08-27T14:00:14Z", "is_public": true, "image": "photologue/photos/diversen RIMG0240.JPG", "view_count": 312, "date_taken": "2015-08-27T14:00:14.934Z", "effect": null, "sites": [1], "crop_from": "left", "caption": "Jat, ivoor met zilveren handvat. 19e eeuw", "slug": "ivoren-jat", "title": "Ivoren jat"}, "pk": 104}, {"model": "photologue.photo", "fields": {"date_added": "2015-08-27T14:00:15Z", "is_public": true, "image": "photologue/photos/diversen RIMG0241.JPG", "view_count": 323, "date_taken": "2015-08-27T14:00:15.037Z", "effect": null, "sites": [1], "crop_from": "left", "caption": "Met zilver gemonteerde hazensprong pijpje.", "slug": "hazensprong-pijpje", "title": "Hazensprong pijpje"}, "pk": 105}, {"model": "photologue.photo", "fields": {"date_added": "2015-08-27T14:00:15Z", "is_public": true, "image": "photologue/photos/diversen RIMG0245.JPG", "view_count": 305, "date_taken": "2015-08-27T14:00:15.148Z", "effect": null, "sites": [1], "crop_from": "center", "caption": "Met aquarel versierd ivoren schildpad doosje. 18e eeuw. Doorsnede 6,3 cm. ", "slug": "ivoren-schildpad-doosje", "title": "Ivoren - schildpad doosje"}, "pk": 106}, {"model": "photologue.photo", "fields": {"date_added": "2015-08-27T14:00:15Z", "is_public": true, "image": "photologue/photos/diversen RIMG0246.JPG", "view_count": 330, "date_taken": "2015-08-27T14:00:15.269Z", "effect": null, "sites": [1], "crop_from": "center", "caption": "", "slug": "ivoren-schildpad-doosje-geopend", "title": "Ivoren - schildpad doosje, geopend"}, "pk": 107}, {"model": "photologue.photo", "fields": {"date_added": "2015-08-27T14:00:15Z", "is_public": true, "image": "photologue/photos/diversen RIMG0253.JPG", "view_count": 335, "date_taken": "2015-08-27T14:00:15.400Z", "effect": null, "sites": [1], "crop_from": "center", "caption": "18e eeuw. Duitsland.", "slug": "houten-beschilderde-apothekers-bus", "title": "Houten beschilderde apothekers bus"}, "pk": 108}, {"model": "photologue.photo", "fields": {"date_added": "2015-08-27T14:00:15Z", "is_public": true, "image": "photologue/photos/diversen RIMG0340.JPG", "view_count": 333, "date_taken": "2015-08-27T14:00:15.705Z", "effect": null, "sites": [1], "crop_from": "center", "caption": "Japan 19e eeeuw.", "slug": "ivoren-netsukes", "title": "Ivoren netsukes"}, "pk": 110}, {"model": "photologue.photo", "fields": {"date_added": "2015-08-27T14:00:15Z", "is_public": true, "image": "photologue/photos/diversen RIMG0341.JPG", "view_count": 331, "date_taken": "2015-08-27T14:00:15.839Z", "effect": null, "sites": [1], "crop_from": "center", "caption": "", "slug": "ivoren-netsukes-achterkant", "title": "Ivoren netsukes, achterkant"}, "pk": 111}, {"model": "photologue.photo", "fields": {"date_added": "2015-08-27T14:00:15Z", "is_public": true, "image": "photologue/photos/diversen RIMG0342.JPG", "view_count": 334, "date_taken": "2015-08-27T14:00:15.959Z", "effect": null, "sites": [1], "crop_from": "center", "caption": "", "slug": "ivoren-netsukes-onderkant", "title": "Ivoren netsukes, onderkant"}, "pk": 112}, {"model": "photologue.photo", "fields": {"date_added": "2015-08-27T14:00:16Z", "is_public": true, "image": "photologue/photos/diversen RIMG0343.JPG", "view_count": 353, "date_taken": "2015-08-27T14:00:16.084Z", "effect": null, "sites": [1], "crop_from": "center", "caption": "!9e eeuw, Nederland. \r\nIn de vorm van een tonnetje.", "slug": "houten-tondeldoos", "title": "Houten tondeldoos"}, "pk": 113}, {"model": "photologue.photo", "fields": {"date_added": "2015-08-27T14:00:16Z", "is_public": true, "image": "photologue/photos/diversen RIMG0344.JPG", "view_count": 354, "date_taken": "2015-08-27T14:00:16.299Z", "effect": null, "sites": [1], "crop_from": "center", "caption": "", "slug": "houten-tondeldoos-geopend", "title": "Houten tondeldoos, geopend"}, "pk": 114}, {"model": "photologue.photo", "fields": {"date_added": "2015-08-27T14:00:16Z", "is_public": true, "image": "photologue/photos/diversen RIMG0351.JPG", "view_count": 350, "date_taken": "2015-08-27T14:00:16.679Z", "effect": null, "sites": [1], "crop_from": "right", "caption": "Nederland, 19e eeuw.", "slug": "leren-etui-met-zilveren-montuur", "title": "Leren etui met zilveren montuur"}, "pk": 116}, {"model": "photologue.photo", "fields": {"date_added": "2015-08-27T14:34:47Z", "is_public": true, "image": "photologue/photos/pieter klock geheel.jpg", "view_count": 402, "date_taken": "2015-08-27T14:39:02.860Z", "effect": null, "sites": [1], "crop_from": "top", "caption": "Staande klok, eiken wortelnoten gefineerd. Omstreeks 1710 vervaardigd door Pieter Klok. ", "slug": "pieter-klok", "title": "Pieter klok"}, "pk": 118}, {"model": "photologue.photo", "fields": {"date_added": "2015-08-27T14:43:16Z", "is_public": true, "image": "photologue/photos/klokken RIMG0073.JPG", "view_count": 426, "date_taken": "2015-08-27T14:47:29.019Z", "effect": null, "sites": [1], "crop_from": "center", "caption": "", "slug": "pieter-klok-detail", "title": "Pieter klok detail"}, "pk": 119}, {"model": "photologue.photo", "fields": {"date_added": "2015-09-25T11:09:59Z", "is_public": true, "image": "photologue/photos/klokken STP61275.JPG", "view_count": 73, "date_taken": "2015-09-25T11:14:19.498Z", "effect": null, "sites": [1], "crop_from": "center", "caption": "Signatuur op de wijzerplaat van Pieter Klok Amsterdam.", "slug": "pieter-klok-detail-wijzerplaat", "title": "Pieter Klok detail wijzerplaat"}, "pk": 120}, {"model": "photologue.photo", "fields": {"date_added": "2015-09-25T11:14:46Z", "is_public": true, "image": "photologue/photos/klokken STP61279.JPG", "view_count": 82, "date_taken": "2015-09-25T11:18:14.552Z", "effect": null, "sites": [1], "crop_from": "bottom", "caption": "8 daags platineuurwerk met wekker en dubbele bel. Slaat vol op het en halve uur plus enkel kwartierslag.  ", "slug": "pieter-klok-uurwerk-voorkant", "title": "Pieter Klok uurwerk voorkant."}, "pk": 121}, {"model": "photologue.photo", "fields": {"date_added": "2015-09-25T11:18:27Z", "is_public": true, "image": "photologue/photos/klokken STP61282.JPG", "view_count": 78, "date_taken": "2015-09-25T11:20:07.384Z", "effect": null, "sites": [1], "crop_from": "bottom", "caption": "Sluitschijf op het grondrad.", "slug": "pieter-klok-uurwerk-zijkant", "title": "Pieter Klok uurwerk zijkant"}, "pk": 122}, {"model": "photologue.photo", "fields": {"date_added": "2015-09-25T11:20:45Z", "is_public": true, "image": "photologue/photos/klokken STP61272.JPG", "view_count": 78, "date_taken": "2015-09-25T11:24:10.910Z", "effect": null, "sites": [1], "crop_from": "center", "caption": "Wijzerplaat met maan en datum. ", "slug": "pieter-klok-wijzerplaat", "title": "Pieter Klok wijzerplaat"}, "pk": 123}, {"model": "photologue.photo", "fields": {"date_added": "2015-09-25T11:46:08Z", "is_public": true, "image": "photologue/photos/cartografie blaeu holland.jpg", "view_count": 87, "date_taken": "2015-09-25T11:48:43.518Z", "effect": null, "sites": [1], "crop_from": "center", "caption": "17e eeuwse kaart van Holland gemaakt door Willem Jansz. Blaeu. ", "slug": "kaart-van-holland-blaeu", "title": "Kaart van Holland, Blaeu."}, "pk": 124}, {"model": "photologue.photo", "fields": {"date_added": "2015-09-25T11:53:08Z", "is_public": true, "image": "photologue/photos/zilver RIMG0375.JPG", "view_count": 84, "date_taken": "2015-09-25T11:54:26.079Z", "effect": null, "sites": [1], "crop_from": "center", "caption": "", "slug": "zilveren-bestek-met-pistoolgreep", "title": "Zilveren bestek met pistoolgreep."}, "pk": 125}, {"model": "photologue.photo", "fields": {"date_added": "2015-09-25T11:55:43Z", "is_public": true, "image": "photologue/photos/zilver RIMG0376.JPG", "view_count": 80, "date_taken": "2015-09-25T11:59:30.299Z", "effect": null, "sites": [1], "crop_from": "center", "caption": "", "slug": "zilveren-bestek-met-pistoolgreep-liggend", "title": "Zilveren bestek met pistoolgreep, liggend."}, "pk": 126}, {"model": "photologue.photo", "fields": {"date_added": "2015-09-25T13:55:02Z", "is_public": true, "image": "photologue/photos/diversen stoomzeilschip.bmp", "view_count": 42, "date_taken": "2015-09-25T13:56:54.578Z", "effect": null, "sites": [1], "crop_from": "center", "caption": "19e eeuw. Beschildering achter glas. ", "slug": "spiegel-met-afbeelding-van-stoomzeilschip-detail", "title": "Spiegel met afbeelding van stoomzeilschip, detail."}, "pk": 127}, {"model": "photologue.photo", "fields": {"date_added": "2015-09-25T14:02:03Z", "is_public": true, "image": "photologue/photos/spiegel-zeilschip_ibgqw2b.JPG", "view_count": 50, "date_taken": "2015-09-25T14:03:32.273Z", "effect": 2, "sites": [1], "crop_from": "top", "caption": "Beschildering achter glas. 19e eeuw. ", "slug": "spiegel-met-afbeelding-van-stoomzeilschip", "title": "Spiegel met afbeelding van stoomzeilschip"}, "pk": 128}, {"model": "photologue.photo", "fields": {"date_added": "2015-09-25T14:06:23Z", "is_public": true, "image": "photologue/photos/diversen spaanen doosje conrad.JPG", "view_count": 33, "date_taken": "2015-09-25T14:10:12.245Z", "effect": null, "sites": [1], "crop_from": "center", "caption": "", "slug": "spanendoosje-met-houtgravure-beplakt-16e-eeuw", "title": "Spanendoosje met houtgravure beplakt, 16e eeuw."}, "pk": 129}, {"model": "photologue.photo", "fields": {"date_added": "2015-09-25T14:10:23Z", "is_public": true, "image": "photologue/photos/diversen RIMG0365.JPG", "view_count": 35, "date_taken": "2015-09-25T14:11:16.801Z", "effect": null, "sites": [1], "crop_from": "left", "caption": "", "slug": "spanendoosje-met-houtgravure-beplakt-zijkant", "title": "Spanendoosje met houtgravure beplakt, zijkant."}, "pk": 130}, {"model": "photologue.photo", "fields": {"date_added": "2015-09-25T14:13:02Z", "is_public": true, "image": "photologue/photos/diversen RIMG0368.JPG", "view_count": 28, "date_taken": "2015-09-25T14:14:27.161Z", "effect": null, "sites": [1], "crop_from": "left", "caption": "", "slug": "spanendoosje-met-houtgravure-van-ruiter-beplakt-16", "title": "Spanendoosje met houtgravure van ruiter beplakt. 16e eeuw."}, "pk": 131}, {"model": "photologue.photo", "fields": {"date_added": "2015-09-25T14:14:34Z", "is_public": true, "image": "photologue/photos/diversen RIMG0370.JPG", "view_count": 30, "date_taken": "2015-09-25T14:15:48.155Z", "effect": null, "sites": [1], "crop_from": "center", "caption": "", "slug": "spanendoosje-met-houtgravure-van-ruiter-beplakt-zi", "title": "Spanendoosje met houtgravure van ruiter beplakt, zijkant."}, "pk": 132}, {"model": "photologue.photo", "fields": {"date_added": "2015-09-25T14:16:01Z", "is_public": true, "image": "photologue/photos/diversen RIMG0381.JPG", "view_count": 35, "date_taken": "2015-09-25T14:16:41.118Z", "effect": null, "sites": [1], "crop_from": "center", "caption": "", "slug": "houten-naaldenkussen", "title": "Houten naaldenkussen."}, "pk": 133}, {"model": "photologue.photo", "fields": {"date_added": "2015-09-25T14:17:14Z", "is_public": true, "image": "photologue/photos/diversen RIMG0359.JPG", "view_count": 30, "date_taken": "2015-09-25T14:20:28.726Z", "effect": null, "sites": [1], "crop_from": "left", "caption": "", "slug": "suikerplankje-voormalig-nederlands-indie", "title": "Suikerplankje, voormalig Nederlands-Indi\u00eb"}, "pk": 134}, {"model": "photologue.photoeffect", "fields": {"name": "roteer rechtsom", "transpose_method": "ROTATE_270", "color": 1.0, "filters": "", "reflection_strength": 0.6, "description": "", "brightness": 1.0, "background_color": "#FFFFFF", "sharpness": 1.0, "contrast": 1.0, "reflection_size": 0.0}, "pk": 1}, {"model": "photologue.photoeffect", "fields": {"name": "roteer linksom", "transpose_method": "ROTATE_90", "color": 1.0, "filters": "", "reflection_strength": 0.6, "description": "", "brightness": 1.0, "background_color": "#FFFFFF", "sharpness": 1.0, "contrast": 1.0, "reflection_size": 0.0}, "pk": 2}, {"model": "photologue.photosize", "fields": {"increment_count": true, "quality": 70, "width": 100, "name": "admin_thumbnail", "effect": null, "pre_cache": true, "height": 75, "watermark": null, "upscale": false, "crop": true}, "pk": 1}, {"model": "photologue.photosize", "fields": {"increment_count": true, "quality": 70, "width": 100, "name": "thumbnail", "effect": null, "pre_cache": true, "height": 75, "watermark": null, "upscale": false, "crop": true}, "pk": 2}, {"model": "photologue.photosize", "fields": {"increment_count": true, "quality": 70, "width": 400, "name": "display", "effect": null, "pre_cache": true, "height": 0, "watermark": null, "upscale": false, "crop": false}, "pk": 3}, {"model": "auth.permission", "fields": {"name": "Can add log entry", "content_type": 1, "codename": "add_logentry"}, "pk": 1}, {"model": "auth.permission", "fields": {"name": "Can change log entry", "content_type": 1, "codename": "change_logentry"}, "pk": 2}, {"model": "auth.permission", "fields": {"name": "Can delete log entry", "content_type": 1, "codename": "delete_logentry"}, "pk": 3}, {"model": "auth.permission", "fields": {"name": "Can add permission", "content_type": 2, "codename": "add_permission"}, "pk": 4}, {"model": "auth.permission", "fields": {"name": "Can change permission", "content_type": 2, "codename": "change_permission"}, "pk": 5}, {"model": "auth.permission", "fields": {"name": "Can delete permission", "content_type": 2, "codename": "delete_permission"}, "pk": 6}, {"model": "auth.permission", "fields": {"name": "Can add group", "content_type": 3, "codename": "add_group"}, "pk": 7}, {"model": "auth.permission", "fields": {"name": "Can change group", "content_type": 3, "codename": "change_group"}, "pk": 8}, {"model": "auth.permission", "fields": {"name": "Can delete group", "content_type": 3, "codename": "delete_group"}, "pk": 9}, {"model": "auth.permission", "fields": {"name": "Can add user", "content_type": 4, "codename": "add_user"}, "pk": 10}, {"model": "auth.permission", "fields": {"name": "Can change user", "content_type": 4, "codename": "change_user"}, "pk": 11}, {"model": "auth.permission", "fields": {"name": "Can delete user", "content_type": 4, "codename": "delete_user"}, "pk": 12}, {"model": "auth.permission", "fields": {"name": "Can add content type", "content_type": 5, "codename": "add_contenttype"}, "pk": 13}, {"model": "auth.permission", "fields": {"name": "Can change content type", "content_type": 5, "codename": "change_contenttype"}, "pk": 14}, {"model": "auth.permission", "fields": {"name": "Can delete content type", "content_type": 5, "codename": "delete_contenttype"}, "pk": 15}, {"model": "auth.permission", "fields": {"name": "Can add session", "content_type": 6, "codename": "add_session"}, "pk": 16}, {"model": "auth.permission", "fields": {"name": "Can change session", "content_type": 6, "codename": "change_session"}, "pk": 17}, {"model": "auth.permission", "fields": {"name": "Can delete session", "content_type": 6, "codename": "delete_session"}, "pk": 18}, {"model": "auth.permission", "fields": {"name": "Can add site", "content_type": 7, "codename": "add_site"}, "pk": 19}, {"model": "auth.permission", "fields": {"name": "Can change site", "content_type": 7, "codename": "change_site"}, "pk": 20}, {"model": "auth.permission", "fields": {"name": "Can delete site", "content_type": 7, "codename": "delete_site"}, "pk": 21}, {"model": "auth.permission", "fields": {"name": "Can add gallery", "content_type": 8, "codename": "add_gallery"}, "pk": 22}, {"model": "auth.permission", "fields": {"name": "Can change gallery", "content_type": 8, "codename": "change_gallery"}, "pk": 23}, {"model": "auth.permission", "fields": {"name": "Can delete gallery", "content_type": 8, "codename": "delete_gallery"}, "pk": 24}, {"model": "auth.permission", "fields": {"name": "Can add photo", "content_type": 9, "codename": "add_photo"}, "pk": 25}, {"model": "auth.permission", "fields": {"name": "Can change photo", "content_type": 9, "codename": "change_photo"}, "pk": 26}, {"model": "auth.permission", "fields": {"name": "Can delete photo", "content_type": 9, "codename": "delete_photo"}, "pk": 27}, {"model": "auth.permission", "fields": {"name": "Can add photo effect", "content_type": 10, "codename": "add_photoeffect"}, "pk": 28}, {"model": "auth.permission", "fields": {"name": "Can change photo effect", "content_type": 10, "codename": "change_photoeffect"}, "pk": 29}, {"model": "auth.permission", "fields": {"name": "Can delete photo effect", "content_type": 10, "codename": "delete_photoeffect"}, "pk": 30}, {"model": "auth.permission", "fields": {"name": "Can add watermark", "content_type": 11, "codename": "add_watermark"}, "pk": 31}, {"model": "auth.permission", "fields": {"name": "Can change watermark", "content_type": 11, "codename": "change_watermark"}, "pk": 32}, {"model": "auth.permission", "fields": {"name": "Can delete watermark", "content_type": 11, "codename": "delete_watermark"}, "pk": 33}, {"model": "auth.permission", "fields": {"name": "Can add photo size", "content_type": 12, "codename": "add_photosize"}, "pk": 34}, {"model": "auth.permission", "fields": {"name": "Can change photo size", "content_type": 12, "codename": "change_photosize"}, "pk": 35}, {"model": "auth.permission", "fields": {"name": "Can delete photo size", "content_type": 12, "codename": "delete_photosize"}, "pk": 36}, {"model": "auth.user", "fields": {"is_active": true, "last_login": "2015-09-25T12:09:54.886Z", "is_staff": true, "first_name": "", "groups": [], "email": "reint@behoudenvan.nl", "password": "pbkdf2_sha256$20000$rOxyhErRjsGH$uq+IHlByjj7f15sKnP1KZtGPjI295aH+rpZJH2hF9oc=", "user_permissions": [], "username": "cccplex", "is_superuser": true, "last_name": "", "date_joined": "2015-01-08T15:24:51.504Z"}, "pk": 1}, {"model": "admin.logentry", "fields": {"user": 1, "change_message": "", "object_repr": "ceramiek", "action_time": "2015-01-08T15:25:56.439Z", "action_flag": 1, "object_id": "1", "content_type": 8}, "pk": 1}, {"model": "admin.logentry", "fields": {"user": 1, "change_message": "", "object_repr": "Delfts blauw bord", "action_time": "2015-01-08T15:26:59.582Z", "action_flag": 1, "object_id": "1", "content_type": 9}, "pk": 2}, {"model": "admin.logentry", "fields": {"user": 1, "change_message": "", "object_repr": "Kan en Bord", "action_time": "2015-01-08T15:27:39.420Z", "action_flag": 1, "object_id": "2", "content_type": 9}, "pk": 3}, {"model": "admin.logentry", "fields": {"user": 1, "change_message": "Changed photos.", "object_repr": "ceramiek", "action_time": "2015-01-08T15:28:41.864Z", "action_flag": 2, "object_id": "1", "content_type": 8}, "pk": 4}, {"model": "admin.logentry", "fields": {"user": 1, "change_message": "No fields changed.", "object_repr": "ceramiek", "action_time": "2015-01-08T15:29:00.947Z", "action_flag": 2, "object_id": "1", "content_type": 8}, "pk": 5}, {"model": "admin.logentry", "fields": {"user": 1, "change_message": "", "object_repr": "http://127.0.0.1:8000", "action_time": "2015-01-08T15:31:37.249Z", "action_flag": 1, "object_id": "2", "content_type": 7}, "pk": 6}, {"model": "admin.logentry", "fields": {"user": 1, "change_message": "", "object_repr": "http://127.0.0.1:8000", "action_time": "2015-01-08T16:24:24.375Z", "action_flag": 3, "object_id": "2", "content_type": 7}, "pk": 7}, {"model": "admin.logentry", "fields": {"user": 1, "change_message": "", "object_repr": "Houtsnijwerk", "action_time": "2015-01-13T15:17:26.812Z", "action_flag": 1, "object_id": "2", "content_type": 8}, "pk": 8}, {"model": "admin.logentry", "fields": {"user": 1, "change_message": "", "object_repr": "Messing - Brons", "action_time": "2015-01-13T15:18:22.715Z", "action_flag": 1, "object_id": "3", "content_type": 8}, "pk": 9}, {"model": "admin.logentry", "fields": {"user": 1, "change_message": "", "object_repr": "Tin", "action_time": "2015-01-13T15:19:36.194Z", "action_flag": 1, "object_id": "4", "content_type": 8}, "pk": 10}, {"model": "admin.logentry", "fields": {"user": 1, "change_message": "", "object_repr": "Zilver", "action_time": "2015-01-13T15:19:58.557Z", "action_flag": 1, "object_id": "5", "content_type": 8}, "pk": 11}, {"model": "admin.logentry", "fields": {"user": 1, "change_message": "", "object_repr": "Model Koets", "action_time": "2015-01-13T15:21:18.350Z", "action_flag": 1, "object_id": "3", "content_type": 9}, "pk": 12}, {"model": "admin.logentry", "fields": {"user": 1, "change_message": "", "object_repr": "Hoekkast", "action_time": "2015-01-13T15:21:30.778Z", "action_flag": 1, "object_id": "4", "content_type": 9}, "pk": 13}, {"model": "admin.logentry", "fields": {"user": 1, "change_message": "", "object_repr": "Cirkelkruis", "action_time": "2015-01-13T15:22:06.166Z", "action_flag": 1, "object_id": "5", "content_type": 9}, "pk": 14}, {"model": "admin.logentry", "fields": {"user": 1, "change_message": "", "object_repr": "Maria en kind", "action_time": "2015-01-13T15:22:36.761Z", "action_flag": 1, "object_id": "6", "content_type": 9}, "pk": 15}, {"model": "admin.logentry", "fields": {"user": 1, "change_message": "", "object_repr": "Kroon", "action_time": "2015-01-13T15:23:05.453Z", "action_flag": 1, "object_id": "7", "content_type": 9}, "pk": 16}, {"model": "admin.logentry", "fields": {"user": 1, "change_message": "photos gewijzigd.", "object_repr": "Messing - Brons", "action_time": "2015-01-13T15:29:04.796Z", "action_flag": 2, "object_id": "3", "content_type": 8}, "pk": 17}, {"model": "admin.logentry", "fields": {"user": 1, "change_message": "photos gewijzigd.", "object_repr": "Houtsnijwerk", "action_time": "2015-01-13T15:29:33.594Z", "action_flag": 2, "object_id": "2", "content_type": 8}, "pk": 18}, {"model": "admin.logentry", "fields": {"user": 1, "change_message": "domain en name gewijzigd.", "object_repr": "henkkamp.net", "action_time": "2015-01-13T18:20:23.450Z", "action_flag": 2, "object_id": "1", "content_type": 7}, "pk": 19}, {"model": "admin.logentry", "fields": {"user": 1, "change_message": "", "object_repr": "roteer rechtsom", "action_time": "2015-01-20T12:48:30.162Z", "action_flag": 1, "object_id": "1", "content_type": 10}, "pk": 20}, {"model": "admin.logentry", "fields": {"user": 1, "change_message": "", "object_repr": "roteer linksom", "action_time": "2015-01-20T12:49:00.187Z", "action_flag": 1, "object_id": "2", "content_type": 10}, "pk": 21}, {"model": "admin.logentry", "fields": {"user": 1, "change_message": "description en photos gewijzigd.", "object_repr": "ceramiek", "action_time": "2015-01-20T14:08:49.522Z", "action_flag": 2, "object_id": "1", "content_type": 8}, "pk": 22}, {"model": "admin.logentry", "fields": {"user": 1, "change_message": "", "object_repr": "Tafel met stoelen", "action_time": "2015-01-20T14:12:47.434Z", "action_flag": 1, "object_id": "8", "content_type": 9}, "pk": 23}, {"model": "admin.logentry", "fields": {"user": 1, "change_message": "", "object_repr": "Meubelen", "action_time": "2015-01-20T14:16:12.619Z", "action_flag": 1, "object_id": "6", "content_type": 8}, "pk": 24}, {"model": "admin.logentry", "fields": {"user": 1, "change_message": "title, slug, description en photos gewijzigd.", "object_repr": "Meubels", "action_time": "2015-01-20T14:16:46.597Z", "action_flag": 2, "object_id": "6", "content_type": 8}, "pk": 25}, {"model": "admin.logentry", "fields": {"user": 1, "change_message": "", "object_repr": "Delftse pot", "action_time": "2015-01-23T13:45:04.245Z", "action_flag": 1, "object_id": "9", "content_type": 9}, "pk": 26}, {"model": "admin.logentry", "fields": {"user": 1, "change_message": "photos gewijzigd.", "object_repr": "ceramiek", "action_time": "2015-01-23T13:45:23.600Z", "action_flag": 2, "object_id": "1", "content_type": 8}, "pk": 27}, {"model": "admin.logentry", "fields": {"user": 1, "change_message": "title en photos gewijzigd.", "object_repr": "Ceramiek", "action_time": "2015-04-29T15:07:56.508Z", "action_flag": 2, "object_id": "1", "content_type": 8}, "pk": 28}, {"model": "admin.logentry", "fields": {"user": 1, "change_message": "photos gewijzigd.", "object_repr": "Meubels", "action_time": "2015-04-29T15:08:28.016Z", "action_flag": 2, "object_id": "6", "content_type": 8}, "pk": 29}, {"model": "admin.logentry", "fields": {"user": 1, "change_message": "", "object_repr": "Meubels", "action_time": "2015-04-29T15:08:38.509Z", "action_flag": 3, "object_id": "6", "content_type": 8}, "pk": 30}, {"model": "admin.logentry", "fields": {"user": 1, "change_message": "", "object_repr": "Delftse pot", "action_time": "2015-05-13T14:25:17.456Z", "action_flag": 3, "object_id": "9", "content_type": 9}, "pk": 31}, {"model": "admin.logentry", "fields": {"user": 1, "change_message": "", "object_repr": "Tafel met stoelen", "action_time": "2015-05-13T14:25:17.460Z", "action_flag": 3, "object_id": "8", "content_type": 9}, "pk": 32}, {"model": "admin.logentry", "fields": {"user": 1, "change_message": "", "object_repr": "Kroon", "action_time": "2015-05-13T14:25:17.464Z", "action_flag": 3, "object_id": "7", "content_type": 9}, "pk": 33}, {"model": "admin.logentry", "fields": {"user": 1, "change_message": "", "object_repr": "Maria en kind", "action_time": "2015-05-13T14:25:17.467Z", "action_flag": 3, "object_id": "6", "content_type": 9}, "pk": 34}, {"model": "admin.logentry", "fields": {"user": 1, "change_message": "", "object_repr": "Cirkelkruis", "action_time": "2015-05-13T14:25:17.471Z", "action_flag": 3, "object_id": "5", "content_type": 9}, "pk": 35}, {"model": "admin.logentry", "fields": {"user": 1, "change_message": "", "object_repr": "Hoekkast", "action_time": "2015-05-13T14:25:17.476Z", "action_flag": 3, "object_id": "4", "content_type": 9}, "pk": 36}, {"model": "admin.logentry", "fields": {"user": 1, "change_message": "", "object_repr": "Model Koets", "action_time": "2015-05-13T14:25:17.479Z", "action_flag": 3, "object_id": "3", "content_type": 9}, "pk": 37}, {"model": "admin.logentry", "fields": {"user": 1, "change_message": "", "object_repr": "Kan en Bord", "action_time": "2015-05-13T14:25:17.483Z", "action_flag": 3, "object_id": "2", "content_type": 9}, "pk": 38}, {"model": "admin.logentry", "fields": {"user": 1, "change_message": "", "object_repr": "Delfts blauw bord", "action_time": "2015-05-13T14:25:17.489Z", "action_flag": 3, "object_id": "1", "content_type": 9}, "pk": 39}, {"model": "admin.logentry", "fields": {"user": 1, "change_message": "description gewijzigd.", "object_repr": "Ceramiek", "action_time": "2015-05-13T14:28:02.654Z", "action_flag": 2, "object_id": "1", "content_type": 8}, "pk": 40}, {"model": "admin.logentry", "fields": {"user": 1, "change_message": "description gewijzigd.", "object_repr": "Houtsnijwerk", "action_time": "2015-05-13T14:28:49.438Z", "action_flag": 2, "object_id": "2", "content_type": 8}, "pk": 41}, {"model": "admin.logentry", "fields": {"user": 1, "change_message": "description gewijzigd.", "object_repr": "Messing - Brons", "action_time": "2015-05-13T14:29:40.027Z", "action_flag": 2, "object_id": "3", "content_type": 8}, "pk": 42}, {"model": "admin.logentry", "fields": {"user": 1, "change_message": "description gewijzigd.", "object_repr": "Tin", "action_time": "2015-05-13T14:42:24.943Z", "action_flag": 2, "object_id": "4", "content_type": 8}, "pk": 43}, {"model": "admin.logentry", "fields": {"user": 1, "change_message": "description gewijzigd.", "object_repr": "Zilver", "action_time": "2015-05-13T14:45:22.901Z", "action_flag": 2, "object_id": "5", "content_type": 8}, "pk": 44}, {"model": "admin.logentry", "fields": {"user": 1, "change_message": "", "object_repr": "Wijnkelderkandelaar", "action_time": "2015-05-13T15:03:36.994Z", "action_flag": 1, "object_id": "10", "content_type": 9}, "pk": 45}, {"model": "admin.logentry", "fields": {"user": 1, "change_message": "", "object_repr": "Chinese vaasjes", "action_time": "2015-05-13T15:04:15.598Z", "action_flag": 1, "object_id": "11", "content_type": 9}, "pk": 46}, {"model": "admin.logentry", "fields": {"user": 1, "change_message": "", "object_repr": "Delftse vaas, 17e eeuw", "action_time": "2015-05-13T15:05:25.829Z", "action_flag": 1, "object_id": "12", "content_type": 9}, "pk": 47}, {"model": "admin.logentry", "fields": {"user": 1, "change_message": "", "object_repr": "Delftse schotel, Willem & Mary", "action_time": "2015-05-13T15:06:32.977Z", "action_flag": 1, "object_id": "13", "content_type": 9}, "pk": 48}, {"model": "admin.logentry", "fields": {"user": 1, "change_message": "", "object_repr": "Delftse schotel, bloemenvaas", "action_time": "2015-05-13T15:07:09.451Z", "action_flag": 1, "object_id": "14", "content_type": 9}, "pk": 49}, {"model": "admin.logentry", "fields": {"user": 1, "change_message": "", "object_repr": "Delftse schotel, bloemen", "action_time": "2015-05-13T15:07:57.697Z", "action_flag": 1, "object_id": "15", "content_type": 9}, "pk": 50}, {"model": "admin.logentry", "fields": {"user": 1, "change_message": "", "object_repr": "Delftse Scheerschotel", "action_time": "2015-05-13T15:08:17.141Z", "action_flag": 1, "object_id": "16", "content_type": 9}, "pk": 51}, {"model": "admin.logentry", "fields": {"user": 1, "change_message": "", "object_repr": "Zilveren rammelaar", "action_time": "2015-05-13T15:08:57.425Z", "action_flag": 1, "object_id": "17", "content_type": 9}, "pk": 52}, {"model": "admin.logentry", "fields": {"user": 1, "change_message": "", "object_repr": "Olielamp", "action_time": "2015-05-13T15:09:27.560Z", "action_flag": 1, "object_id": "18", "content_type": 9}, "pk": 53}, {"model": "admin.logentry", "fields": {"user": 1, "change_message": "Geen velden gewijzigd.", "object_repr": "Olielamp", "action_time": "2015-05-13T15:09:33.067Z", "action_flag": 2, "object_id": "18", "content_type": 9}, "pk": 54}, {"model": "admin.logentry", "fields": {"user": 1, "change_message": "", "object_repr": "Zilveren kandelaar", "action_time": "2015-05-13T15:09:56.376Z", "action_flag": 1, "object_id": "19", "content_type": 9}, "pk": 55}, {"model": "admin.logentry", "fields": {"user": 1, "change_message": "", "object_repr": "De Wachter.", "action_time": "2015-05-13T15:10:22.954Z", "action_flag": 1, "object_id": "20", "content_type": 9}, "pk": 56}, {"model": "admin.logentry", "fields": {"user": 1, "change_message": "", "object_repr": "Engelenkop detail", "action_time": "2015-05-13T15:11:45.519Z", "action_flag": 1, "object_id": "21", "content_type": 9}, "pk": 57}, {"model": "admin.logentry", "fields": {"user": 1, "change_message": "", "object_repr": "Engelenkop", "action_time": "2015-05-13T15:12:15.128Z", "action_flag": 1, "object_id": "22", "content_type": 9}, "pk": 58}, {"model": "admin.logentry", "fields": {"user": 1, "change_message": "", "object_repr": "Chanouka, Judaica, Nederlands.", "action_time": "2015-05-13T15:12:54.362Z", "action_flag": 1, "object_id": "23", "content_type": 9}, "pk": 59}, {"model": "admin.logentry", "fields": {"user": 1, "change_message": "", "object_repr": "Bord, reli\u00ebf tin", "action_time": "2015-05-13T15:13:22.314Z", "action_flag": 1, "object_id": "24", "content_type": 9}, "pk": 60}, {"model": "admin.logentry", "fields": {"user": 1, "change_message": "", "object_repr": "Delfts bordje", "action_time": "2015-05-13T15:13:59.333Z", "action_flag": 1, "object_id": "25", "content_type": 9}, "pk": 61}, {"model": "admin.logentry", "fields": {"user": 1, "change_message": "", "object_repr": "Delfts bordje, bloemenvaas.", "action_time": "2015-05-13T15:14:56.276Z", "action_flag": 1, "object_id": "26", "content_type": 9}, "pk": 62}, {"model": "admin.logentry", "fields": {"user": 1, "change_message": "", "object_repr": "Delfts bordje, boeren landschap", "action_time": "2015-05-13T15:15:31.627Z", "action_flag": 1, "object_id": "27", "content_type": 9}, "pk": 63}, {"model": "admin.logentry", "fields": {"user": 1, "change_message": "", "object_repr": "Delfts bordje, bloemen", "action_time": "2015-05-13T15:16:39.164Z", "action_flag": 1, "object_id": "28", "content_type": 9}, "pk": 64}, {"model": "admin.logentry", "fields": {"user": 1, "change_message": "title gewijzigd.", "object_repr": "Delfts bordje, vaas", "action_time": "2015-05-13T15:18:26.963Z", "action_flag": 2, "object_id": "25", "content_type": 9}, "pk": 65}, {"model": "admin.logentry", "fields": {"user": 1, "change_message": "title gewijzigd.", "object_repr": "Delfts bordje, bloemenvaas met rood", "action_time": "2015-05-13T15:19:28.528Z", "action_flag": 2, "object_id": "26", "content_type": 9}, "pk": 66}, {"model": "admin.logentry", "fields": {"user": 1, "change_message": "title gewijzigd.", "object_repr": "Delfts bordje, bloemenvaas met gele ring.", "action_time": "2015-05-13T15:20:17.016Z", "action_flag": 2, "object_id": "26", "content_type": 9}, "pk": 67}, {"model": "admin.logentry", "fields": {"user": 1, "change_message": "title gewijzigd.", "object_repr": "Delfts bordje, bloemenvaas", "action_time": "2015-05-13T15:20:42.587Z", "action_flag": 2, "object_id": "25", "content_type": 9}, "pk": 68}, {"model": "admin.logentry", "fields": {"user": 1, "change_message": "title gewijzigd.", "object_repr": "Delfts bordje, bloemenvaas met gele ring", "action_time": "2015-05-13T15:20:54.149Z", "action_flag": 2, "object_id": "26", "content_type": 9}, "pk": 69}, {"model": "admin.logentry", "fields": {"user": 1, "change_message": "title gewijzigd.", "object_repr": "Chanouka, Judaica, Nederlands", "action_time": "2015-05-13T15:21:04.430Z", "action_flag": 2, "object_id": "23", "content_type": 9}, "pk": 70}, {"model": "admin.logentry", "fields": {"user": 1, "change_message": "photos gewijzigd.", "object_repr": "Zilver", "action_time": "2015-05-13T15:21:37.209Z", "action_flag": 2, "object_id": "5", "content_type": 8}, "pk": 71}, {"model": "admin.logentry", "fields": {"user": 1, "change_message": "photos gewijzigd.", "object_repr": "Tin", "action_time": "2015-05-13T15:21:58.099Z", "action_flag": 2, "object_id": "4", "content_type": 8}, "pk": 72}, {"model": "admin.logentry", "fields": {"user": 1, "change_message": "photos gewijzigd.", "object_repr": "Messing - Brons", "action_time": "2015-05-13T15:22:19.737Z", "action_flag": 2, "object_id": "3", "content_type": 8}, "pk": 73}, {"model": "admin.logentry", "fields": {"user": 1, "change_message": "photos gewijzigd.", "object_repr": "Houtsnijwerk", "action_time": "2015-05-13T15:22:41.013Z", "action_flag": 2, "object_id": "2", "content_type": 8}, "pk": 74}, {"model": "admin.logentry", "fields": {"user": 1, "change_message": "Geen velden gewijzigd.", "object_repr": "Messing - Brons", "action_time": "2015-05-13T15:22:47.938Z", "action_flag": 2, "object_id": "3", "content_type": 8}, "pk": 75}, {"model": "admin.logentry", "fields": {"user": 1, "change_message": "photos gewijzigd.", "object_repr": "Ceramiek", "action_time": "2015-05-13T15:23:10.835Z", "action_flag": 2, "object_id": "1", "content_type": 8}, "pk": 76}, {"model": "admin.logentry", "fields": {"user": 1, "change_message": "photos gewijzigd.", "object_repr": "Zilver", "action_time": "2015-05-28T14:09:20.951Z", "action_flag": 2, "object_id": "5", "content_type": 8}, "pk": 77}, {"model": "admin.logentry", "fields": {"user": 1, "change_message": "photos gewijzigd.", "object_repr": "Tin", "action_time": "2015-05-28T14:10:39.757Z", "action_flag": 2, "object_id": "4", "content_type": 8}, "pk": 78}, {"model": "admin.logentry", "fields": {"user": 1, "change_message": "photos gewijzigd.", "object_repr": "Messing - Brons", "action_time": "2015-05-28T14:11:23.896Z", "action_flag": 2, "object_id": "3", "content_type": 8}, "pk": 79}, {"model": "admin.logentry", "fields": {"user": 1, "change_message": "photos gewijzigd.", "object_repr": "Ceramiek", "action_time": "2015-05-28T14:12:43.902Z", "action_flag": 2, "object_id": "1", "content_type": 8}, "pk": 80}, {"model": "admin.logentry", "fields": {"user": 1, "change_message": "photos gewijzigd.", "object_repr": "Ceramiek", "action_time": "2015-05-28T14:14:15.961Z", "action_flag": 2, "object_id": "1", "content_type": 8}, "pk": 81}, {"model": "admin.logentry", "fields": {"user": 1, "change_message": "photos gewijzigd.", "object_repr": "Ceramiek", "action_time": "2015-05-28T14:15:34.921Z", "action_flag": 2, "object_id": "1", "content_type": 8}, "pk": 82}, {"model": "admin.logentry", "fields": {"user": 1, "change_message": "", "object_repr": "Stel 18e eeuwse theebusjes ", "action_time": "2015-05-28T14:36:18.798Z", "action_flag": 1, "object_id": "29", "content_type": 9}, "pk": 83}, {"model": "admin.logentry", "fields": {"user": 1, "change_message": "photos gewijzigd.", "object_repr": "Tin", "action_time": "2015-05-28T14:37:07.089Z", "action_flag": 2, "object_id": "4", "content_type": 8}, "pk": 84}, {"model": "admin.logentry", "fields": {"user": 1, "change_message": "", "object_repr": "cabaret 18e eeuw", "action_time": "2015-07-07T13:06:51.297Z", "action_flag": 1, "object_id": "30", "content_type": 9}, "pk": 85}, {"model": "admin.logentry", "fields": {"user": 1, "change_message": "", "object_repr": "kandelaar 17e 18e eeuw", "action_time": "2015-07-07T13:08:31.145Z", "action_flag": 1, "object_id": "31", "content_type": 9}, "pk": 86}, {"model": "admin.logentry", "fields": {"user": 1, "change_message": "", "object_repr": "Johann Daniel Herz: Jerusalem", "action_time": "2015-07-07T13:11:58.762Z", "action_flag": 1, "object_id": "32", "content_type": 9}, "pk": 87}, {"model": "admin.logentry", "fields": {"user": 1, "change_message": "", "object_repr": "Kardinaalschotel 17e eeuw Parijs", "action_time": "2015-07-07T13:21:30.419Z", "action_flag": 1, "object_id": "33", "content_type": 9}, "pk": 88}, {"model": "admin.logentry", "fields": {"user": 1, "change_message": "", "object_repr": "Kaarten en Prenten", "action_time": "2015-07-07T13:26:57.193Z", "action_flag": 1, "object_id": "7", "content_type": 8}, "pk": 89}, {"model": "admin.logentry", "fields": {"user": 1, "change_message": "photos gewijzigd.", "object_repr": "Kaarten en Prenten", "action_time": "2015-07-07T13:27:34.289Z", "action_flag": 2, "object_id": "7", "content_type": 8}, "pk": 90}, {"model": "admin.logentry", "fields": {"user": 1, "change_message": "photos gewijzigd.", "object_repr": "Tin", "action_time": "2015-07-07T13:28:24.438Z", "action_flag": 2, "object_id": "4", "content_type": 8}, "pk": 91}, {"model": "admin.logentry", "fields": {"user": 1, "change_message": "photos gewijzigd.", "object_repr": "Messing - Brons", "action_time": "2015-07-07T13:29:19.227Z", "action_flag": 2, "object_id": "3", "content_type": 8}, "pk": 92}, {"model": "admin.logentry", "fields": {"user": 1, "change_message": "", "object_repr": "vogelkooij", "action_time": "2015-07-08T12:47:38.495Z", "action_flag": 1, "object_id": "34", "content_type": 9}, "pk": 93}, {"model": "admin.logentry", "fields": {"user": 1, "change_message": "is_public gewijzigd.", "object_repr": "vogelkooij", "action_time": "2015-07-08T12:47:50.518Z", "action_flag": 2, "object_id": "34", "content_type": 9}, "pk": 94}, {"model": "admin.logentry", "fields": {"user": 1, "change_message": "", "object_repr": "woensdag", "action_time": "2015-07-08T14:52:11.892Z", "action_flag": 3, "object_id": "8", "content_type": 8}, "pk": 95}, {"model": "admin.logentry", "fields": {"user": 1, "change_message": "", "object_repr": "woe", "action_time": "2015-07-10T12:34:44.597Z", "action_flag": 3, "object_id": "9", "content_type": 8}, "pk": 96}, {"model": "admin.logentry", "fields": {"user": 1, "change_message": "is_public gewijzigd.", "object_repr": "woe 1", "action_time": "2015-07-10T12:35:39.722Z", "action_flag": 2, "object_id": "35", "content_type": 9}, "pk": 97}, {"model": "admin.logentry", "fields": {"user": 1, "change_message": "is_public gewijzigd.", "object_repr": "woe 1", "action_time": "2015-07-10T12:36:04.790Z", "action_flag": 2, "object_id": "35", "content_type": 9}, "pk": 98}, {"model": "admin.logentry", "fields": {"user": 1, "change_message": "is_public gewijzigd.", "object_repr": "woe 1", "action_time": "2015-08-27T11:06:20.325Z", "action_flag": 2, "object_id": "35", "content_type": 9}, "pk": 99}, {"model": "admin.logentry", "fields": {"user": 1, "change_message": "title en slug gewijzigd.", "object_repr": "Bord Willem & Mary", "action_time": "2015-08-27T11:07:21.371Z", "action_flag": 2, "object_id": "35", "content_type": 9}, "pk": 100}, {"model": "admin.logentry", "fields": {"user": 1, "change_message": "", "object_repr": "vogelkooij", "action_time": "2015-08-27T14:18:32.874Z", "action_flag": 3, "object_id": "34", "content_type": 9}, "pk": 101}, {"model": "admin.logentry", "fields": {"user": 1, "change_message": "title, slug en caption gewijzigd.", "object_repr": "Bord Willem & Mary (provenance)", "action_time": "2015-08-27T14:24:28.149Z", "action_flag": 2, "object_id": "35", "content_type": 9}, "pk": 102}, {"model": "admin.logentry", "fields": {"user": 1, "change_message": "title, slug en caption gewijzigd.", "object_repr": "Lantaarnklok Parijs 18e eeuw", "action_time": "2015-08-27T14:28:29.859Z", "action_flag": 2, "object_id": "36", "content_type": 9}, "pk": 103}, {"model": "admin.logentry", "fields": {"user": 1, "change_message": "", "object_repr": "Pieter klok", "action_time": "2015-08-27T14:39:03.201Z", "action_flag": 1, "object_id": "118", "content_type": 9}, "pk": 104}, {"model": "admin.logentry", "fields": {"user": 1, "change_message": "", "object_repr": "klokken 2", "action_time": "2015-08-27T14:41:44.589Z", "action_flag": 3, "object_id": "37", "content_type": 9}, "pk": 105}, {"model": "admin.logentry", "fields": {"user": 1, "change_message": "", "object_repr": "klokken 6", "action_time": "2015-08-27T14:43:12.897Z", "action_flag": 3, "object_id": "41", "content_type": 9}, "pk": 106}, {"model": "admin.logentry", "fields": {"user": 1, "change_message": "", "object_repr": "Pieter klok detail", "action_time": "2015-08-27T14:47:30.833Z", "action_flag": 1, "object_id": "119", "content_type": 9}, "pk": 107}, {"model": "admin.logentry", "fields": {"user": 1, "change_message": "", "object_repr": "klokken 7", "action_time": "2015-08-27T14:48:00.186Z", "action_flag": 3, "object_id": "42", "content_type": 9}, "pk": 108}, {"model": "admin.logentry", "fields": {"user": 1, "change_message": "title, slug en caption gewijzigd.", "object_repr": "Zakzonnewijzer ", "action_time": "2015-08-27T14:56:38.161Z", "action_flag": 2, "object_id": "38", "content_type": 9}, "pk": 109}, {"model": "admin.logentry", "fields": {"user": 1, "change_message": "effect, title, slug en caption gewijzigd.", "object_repr": "Duitse stoelklok", "action_time": "2015-08-27T14:58:55.595Z", "action_flag": 2, "object_id": "39", "content_type": 9}, "pk": 110}, {"model": "admin.logentry", "fields": {"user": 1, "change_message": "title, slug en caption gewijzigd.", "object_repr": "Westfaalse klok", "action_time": "2015-08-27T15:00:42.078Z", "action_flag": 2, "object_id": "40", "content_type": 9}, "pk": 111}, {"model": "admin.logentry", "fields": {"user": 1, "change_message": "title, slug en caption gewijzigd.", "object_repr": "Westfaalse klok, donkerbruine eiken kast. ", "action_time": "2015-08-27T15:07:21.941Z", "action_flag": 2, "object_id": "43", "content_type": 9}, "pk": 112}, {"model": "admin.logentry", "fields": {"user": 1, "change_message": "title en slug gewijzigd.", "object_repr": "Westfaalse klok, lichtbruine eiken kast", "action_time": "2015-08-27T15:07:48.962Z", "action_flag": 2, "object_id": "40", "content_type": 9}, "pk": 113}, {"model": "admin.logentry", "fields": {"user": 1, "change_message": "photos gewijzigd.", "object_repr": "klokken", "action_time": "2015-08-27T15:08:44.761Z", "action_flag": 2, "object_id": "10", "content_type": 8}, "pk": 114}, {"model": "admin.logentry", "fields": {"user": 1, "change_message": "crop_from gewijzigd.", "object_repr": "Pieter klok", "action_time": "2015-08-27T15:09:30.201Z", "action_flag": 2, "object_id": "118", "content_type": 9}, "pk": 115}, {"model": "admin.logentry", "fields": {"user": 1, "change_message": "Geen velden gewijzigd.", "object_repr": "Pieter klok", "action_time": "2015-08-27T15:10:00.698Z", "action_flag": 2, "object_id": "118", "content_type": 9}, "pk": 116}, {"model": "admin.logentry", "fields": {"user": 1, "change_message": "crop_from gewijzigd.", "object_repr": "Pieter klok", "action_time": "2015-08-27T15:10:26.145Z", "action_flag": 2, "object_id": "118", "content_type": 9}, "pk": 117}, {"model": "admin.logentry", "fields": {"user": 1, "change_message": "crop_from gewijzigd.", "object_repr": "Pieter klok", "action_time": "2015-08-27T15:11:01.807Z", "action_flag": 2, "object_id": "118", "content_type": 9}, "pk": 118}, {"model": "admin.logentry", "fields": {"user": 1, "change_message": "description gewijzigd.", "object_repr": "klokken", "action_time": "2015-08-27T15:13:28.209Z", "action_flag": 2, "object_id": "10", "content_type": 8}, "pk": 119}, {"model": "admin.logentry", "fields": {"user": 1, "change_message": "title en slug gewijzigd.", "object_repr": "Arita bord, achterkant", "action_time": "2015-08-27T15:15:27.810Z", "action_flag": 2, "object_id": "44", "content_type": 9}, "pk": 120}, {"model": "admin.logentry", "fields": {"user": 1, "change_message": "is_public gewijzigd.", "object_repr": "Arita bord, achterkant", "action_time": "2015-08-27T15:15:35.818Z", "action_flag": 2, "object_id": "44", "content_type": 9}, "pk": 121}, {"model": "admin.logentry", "fields": {"user": 1, "change_message": "title, slug en caption gewijzigd.", "object_repr": "Arita bord, 17e eeuw", "action_time": "2015-08-27T15:17:22.709Z", "action_flag": 2, "object_id": "45", "content_type": 9}, "pk": 122}, {"model": "admin.logentry", "fields": {"user": 1, "change_message": "caption gewijzigd.", "object_repr": "Arita bord, 17e eeuw", "action_time": "2015-08-27T15:18:12.504Z", "action_flag": 2, "object_id": "45", "content_type": 9}, "pk": 123}, {"model": "admin.logentry", "fields": {"user": 1, "change_message": "is_public gewijzigd.", "object_repr": "Arita bord, 17e eeuw", "action_time": "2015-08-27T15:18:18.621Z", "action_flag": 2, "object_id": "45", "content_type": 9}, "pk": 124}, {"model": "admin.logentry", "fields": {"user": 1, "change_message": "title, slug en caption gewijzigd.", "object_repr": "Chinese lekschaal", "action_time": "2015-08-27T15:19:23.872Z", "action_flag": 2, "object_id": "47", "content_type": 9}, "pk": 125}, {"model": "admin.logentry", "fields": {"user": 1, "change_message": "is_public gewijzigd.", "object_repr": "Chinese lekschaal", "action_time": "2015-08-27T15:19:32.758Z", "action_flag": 2, "object_id": "47", "content_type": 9}, "pk": 126}, {"model": "admin.logentry", "fields": {"user": 1, "change_message": "title en slug gewijzigd.", "object_repr": "Chinese lekschaal, achterkant", "action_time": "2015-08-27T15:20:02.977Z", "action_flag": 2, "object_id": "46", "content_type": 9}, "pk": 127}, {"model": "admin.logentry", "fields": {"user": 1, "change_message": "is_public gewijzigd.", "object_repr": "Chinese lekschaal, achterkant", "action_time": "2015-08-27T15:20:11.872Z", "action_flag": 2, "object_id": "46", "content_type": 9}, "pk": 128}, {"model": "admin.logentry", "fields": {"user": 1, "change_message": "title en slug gewijzigd.", "object_repr": "Delfts lekbord", "action_time": "2015-08-27T15:53:43.133Z", "action_flag": 2, "object_id": "48", "content_type": 9}, "pk": 129}, {"model": "admin.logentry", "fields": {"user": 1, "change_message": "title en slug gewijzigd.", "object_repr": "Delftse mandoline", "action_time": "2015-08-27T15:54:39.693Z", "action_flag": 2, "object_id": "49", "content_type": 9}, "pk": 130}, {"model": "admin.logentry", "fields": {"user": 1, "change_message": "title en slug gewijzigd.", "object_repr": "Delftse mandoline, achterkant", "action_time": "2015-08-27T15:54:58.245Z", "action_flag": 2, "object_id": "49", "content_type": 9}, "pk": 131}, {"model": "admin.logentry", "fields": {"user": 1, "change_message": "title en slug gewijzigd.", "object_repr": "Delftse mandoline", "action_time": "2015-08-27T15:55:32.566Z", "action_flag": 2, "object_id": "50", "content_type": 9}, "pk": 132}, {"model": "admin.logentry", "fields": {"user": 1, "change_message": "title en slug gewijzigd.", "object_repr": "Delftse mandoline, voorkant", "action_time": "2015-08-27T15:55:57.545Z", "action_flag": 2, "object_id": "51", "content_type": 9}, "pk": 133}, {"model": "admin.logentry", "fields": {"user": 1, "change_message": "title en slug gewijzigd.", "object_repr": "Samson borden", "action_time": "2015-08-27T15:56:25.174Z", "action_flag": 2, "object_id": "52", "content_type": 9}, "pk": 134}, {"model": "admin.logentry", "fields": {"user": 1, "change_message": "title en slug gewijzigd.", "object_repr": "Samson schaal", "action_time": "2015-08-27T15:57:10.861Z", "action_flag": 2, "object_id": "53", "content_type": 9}, "pk": 135}, {"model": "admin.logentry", "fields": {"user": 1, "change_message": "title en slug gewijzigd.", "object_repr": "Samson bord", "action_time": "2015-08-27T15:57:37.105Z", "action_flag": 2, "object_id": "54", "content_type": 9}, "pk": 136}, {"model": "admin.logentry", "fields": {"user": 1, "change_message": "title en slug gewijzigd.", "object_repr": "Samson kop", "action_time": "2015-08-27T15:59:47.823Z", "action_flag": 2, "object_id": "53", "content_type": 9}, "pk": 137}, {"model": "admin.logentry", "fields": {"user": 1, "change_message": "title en slug gewijzigd.", "object_repr": "Samson kop en schotels", "action_time": "2015-08-27T16:00:21.386Z", "action_flag": 2, "object_id": "52", "content_type": 9}, "pk": 138}, {"model": "admin.logentry", "fields": {"user": 1, "change_message": "title en slug gewijzigd.", "object_repr": "Samson kop en schotels, achterkant", "action_time": "2015-08-27T16:01:07.881Z", "action_flag": 2, "object_id": "58", "content_type": 9}, "pk": 139}, {"model": "admin.logentry", "fields": {"user": 1, "change_message": "is_public gewijzigd.", "object_repr": "Samson kop en schotels, achterkant", "action_time": "2015-08-27T16:01:34.076Z", "action_flag": 2, "object_id": "58", "content_type": 9}, "pk": 140}, {"model": "admin.logentry", "fields": {"user": 1, "change_message": "title gewijzigd.", "object_repr": "Samson kop en schotels x", "action_time": "2015-08-27T16:02:41.602Z", "action_flag": 2, "object_id": "59", "content_type": 9}, "pk": 141}, {"model": "admin.logentry", "fields": {"user": 1, "change_message": "title en slug gewijzigd.", "object_repr": "Samson kop en schotels, binnenkant", "action_time": "2015-08-27T16:03:14.910Z", "action_flag": 2, "object_id": "52", "content_type": 9}, "pk": 142}, {"model": "admin.logentry", "fields": {"user": 1, "change_message": "title gewijzigd.", "object_repr": "Samson kop en schotels", "action_time": "2015-08-27T16:04:03.453Z", "action_flag": 2, "object_id": "59", "content_type": 9}, "pk": 143}, {"model": "admin.logentry", "fields": {"user": 1, "change_message": "title en slug gewijzigd.", "object_repr": "Samson kop en schotels, gestapeld", "action_time": "2015-08-27T16:04:48.515Z", "action_flag": 2, "object_id": "52", "content_type": 9}, "pk": 144}, {"model": "admin.logentry", "fields": {"user": 1, "change_message": "slug gewijzigd.", "object_repr": "Samson kop en schotels", "action_time": "2015-08-27T16:05:07.396Z", "action_flag": 2, "object_id": "59", "content_type": 9}, "pk": 145}, {"model": "admin.logentry", "fields": {"user": 1, "change_message": "is_public gewijzigd.", "object_repr": "Samson kop en schotels", "action_time": "2015-08-27T16:05:39.765Z", "action_flag": 2, "object_id": "59", "content_type": 9}, "pk": 146}, {"model": "admin.logentry", "fields": {"user": 1, "change_message": "title en slug gewijzigd.", "object_repr": "Samson kop en schotels, overzicht 2", "action_time": "2015-08-27T16:06:26.287Z", "action_flag": 2, "object_id": "55", "content_type": 9}, "pk": 147}, {"model": "admin.logentry", "fields": {"user": 1, "change_message": "title en slug gewijzigd.", "object_repr": "Samson kop en schotels, overzicht 3", "action_time": "2015-08-27T16:06:49.204Z", "action_flag": 2, "object_id": "56", "content_type": 9}, "pk": 148}, {"model": "admin.logentry", "fields": {"user": 1, "change_message": "title en slug gewijzigd.", "object_repr": "Samson kop en schotels, overzicht 4", "action_time": "2015-08-27T16:07:13.694Z", "action_flag": 2, "object_id": "57", "content_type": 9}, "pk": 149}, {"model": "admin.logentry", "fields": {"user": 1, "change_message": "title en slug gewijzigd.", "object_repr": "Samson kop en schotels, overzicht 5", "action_time": "2015-08-27T16:07:32.047Z", "action_flag": 2, "object_id": "60", "content_type": 9}, "pk": 150}, {"model": "admin.logentry", "fields": {"user": 1, "change_message": "title en slug gewijzigd.", "object_repr": "Samson schotel", "action_time": "2015-08-27T16:07:56.078Z", "action_flag": 2, "object_id": "54", "content_type": 9}, "pk": 151}, {"model": "admin.logentry", "fields": {"user": 1, "change_message": "title en slug gewijzigd.", "object_repr": "Samson kop en schotels, overzicht 6", "action_time": "2015-08-27T16:08:18.992Z", "action_flag": 2, "object_id": "61", "content_type": 9}, "pk": 152}, {"model": "admin.logentry", "fields": {"user": 1, "change_message": "title en slug gewijzigd.", "object_repr": "Delfts bord", "action_time": "2015-08-27T16:08:53.284Z", "action_flag": 2, "object_id": "62", "content_type": 9}, "pk": 153}, {"model": "admin.logentry", "fields": {"user": 1, "change_message": "effect, title en slug gewijzigd.", "object_repr": "Vaas", "action_time": "2015-08-27T16:09:30.998Z", "action_flag": 2, "object_id": "63", "content_type": 9}, "pk": 154}, {"model": "admin.logentry", "fields": {"user": 1, "change_message": "crop_from, title en slug gewijzigd.", "object_repr": "Arita kaststel, driedelig 17e eeuw", "action_time": "2015-08-27T16:36:09.798Z", "action_flag": 2, "object_id": "63", "content_type": 9}, "pk": 155}, {"model": "admin.logentry", "fields": {"user": 1, "change_message": "is_public gewijzigd.", "object_repr": "Arita kaststel, driedelig 17e eeuw", "action_time": "2015-08-27T16:36:40.374Z", "action_flag": 2, "object_id": "63", "content_type": 9}, "pk": 156}, {"model": "admin.logentry", "fields": {"user": 1, "change_message": "title, slug, caption en is_public gewijzigd.", "object_repr": "Delfts bord, 18e eeuw", "action_time": "2015-08-27T16:37:50.042Z", "action_flag": 2, "object_id": "62", "content_type": 9}, "pk": 157}, {"model": "admin.logentry", "fields": {"user": 1, "change_message": "crop_from, title, slug en caption gewijzigd.", "object_repr": "Inkpot van geglazuurd aardewerk", "action_time": "2015-08-27T16:40:18.914Z", "action_flag": 2, "object_id": "66", "content_type": 9}, "pk": 158}, {"model": "admin.logentry", "fields": {"user": 1, "change_message": "is_public gewijzigd.", "object_repr": "Inkpot van geglazuurd aardewerk", "action_time": "2015-08-27T16:40:25.306Z", "action_flag": 2, "object_id": "66", "content_type": 9}, "pk": 159}, {"model": "admin.logentry", "fields": {"user": 1, "change_message": "", "object_repr": "ceramiek2 2", "action_time": "2015-08-27T16:40:38.704Z", "action_flag": 3, "object_id": "64", "content_type": 9}, "pk": 160}, {"model": "admin.logentry", "fields": {"user": 1, "change_message": "", "object_repr": "ceramiek2 3", "action_time": "2015-08-27T16:40:38.707Z", "action_flag": 3, "object_id": "65", "content_type": 9}, "pk": 161}, {"model": "admin.logentry", "fields": {"user": 1, "change_message": "", "object_repr": "ceramiek2 5", "action_time": "2015-08-27T16:40:38.708Z", "action_flag": 3, "object_id": "67", "content_type": 9}, "pk": 162}, {"model": "admin.logentry", "fields": {"user": 1, "change_message": "", "object_repr": "ceramiek2 6", "action_time": "2015-08-27T16:41:06.317Z", "action_flag": 3, "object_id": "68", "content_type": 9}, "pk": 163}, {"model": "admin.logentry", "fields": {"user": 1, "change_message": "crop_from, title, slug en is_public gewijzigd.", "object_repr": "Inkpot van geglazuurd aardewerk, detail", "action_time": "2015-08-27T16:41:33.745Z", "action_flag": 2, "object_id": "69", "content_type": 9}, "pk": 164}, {"model": "admin.logentry", "fields": {"user": 1, "change_message": "", "object_repr": "ceramiek2 10", "action_time": "2015-08-27T16:43:52.343Z", "action_flag": 3, "object_id": "72", "content_type": 9}, "pk": 165}, {"model": "admin.logentry", "fields": {"user": 1, "change_message": "", "object_repr": "ceramiek2 11", "action_time": "2015-08-27T16:43:52.347Z", "action_flag": 3, "object_id": "73", "content_type": 9}, "pk": 166}, {"model": "admin.logentry", "fields": {"user": 1, "change_message": "title, slug en caption gewijzigd.", "object_repr": "Wit delftse pispot", "action_time": "2015-08-27T16:44:45.072Z", "action_flag": 2, "object_id": "70", "content_type": 9}, "pk": 167}, {"model": "admin.logentry", "fields": {"user": 1, "change_message": "is_public gewijzigd.", "object_repr": "Wit delftse pispot", "action_time": "2015-08-27T16:44:51.853Z", "action_flag": 2, "object_id": "70", "content_type": 9}, "pk": 168}, {"model": "admin.logentry", "fields": {"user": 1, "change_message": "title en slug gewijzigd.", "object_repr": "Wit delftse pispot, Fankrijk", "action_time": "2015-08-27T16:45:32.334Z", "action_flag": 2, "object_id": "71", "content_type": 9}, "pk": 169}, {"model": "admin.logentry", "fields": {"user": 1, "change_message": "is_public gewijzigd.", "object_repr": "Wit delftse pispot, Fankrijk", "action_time": "2015-08-27T16:45:45.452Z", "action_flag": 2, "object_id": "71", "content_type": 9}, "pk": 170}, {"model": "admin.logentry", "fields": {"user": 1, "change_message": "title en slug gewijzigd.", "object_repr": "Wit delftse pispot, Fankrijk, onderkant", "action_time": "2015-08-27T16:46:24.554Z", "action_flag": 2, "object_id": "71", "content_type": 9}, "pk": 171}, {"model": "admin.logentry", "fields": {"user": 1, "change_message": "title en slug gewijzigd.", "object_repr": "Wit delftse pispot, Frankrijk", "action_time": "2015-08-27T16:46:42.125Z", "action_flag": 2, "object_id": "70", "content_type": 9}, "pk": 172}, {"model": "admin.logentry", "fields": {"user": 1, "change_message": "title gewijzigd.", "object_repr": "Wit delftse pispot, Frankrijk, onderkant", "action_time": "2015-08-27T16:46:48.823Z", "action_flag": 2, "object_id": "71", "content_type": 9}, "pk": 173}, {"model": "admin.logentry", "fields": {"user": 1, "change_message": "crop_from, title, slug en caption gewijzigd.", "object_repr": "Wit delftse kan, Duitsland", "action_time": "2015-08-27T16:48:15.089Z", "action_flag": 2, "object_id": "74", "content_type": 9}, "pk": 174}, {"model": "admin.logentry", "fields": {"user": 1, "change_message": "is_public gewijzigd.", "object_repr": "Wit delftse kan, Duitsland", "action_time": "2015-08-27T16:48:22.346Z", "action_flag": 2, "object_id": "74", "content_type": 9}, "pk": 175}, {"model": "admin.logentry", "fields": {"user": 1, "change_message": "crop_from, title en slug gewijzigd.", "object_repr": "Wit delftse kan, Duitsland, onderkant", "action_time": "2015-08-27T16:48:50.982Z", "action_flag": 2, "object_id": "75", "content_type": 9}, "pk": 176}, {"model": "admin.logentry", "fields": {"user": 1, "change_message": "Geen velden gewijzigd.", "object_repr": "Wit delftse pispot, Frankrijk, onderkant", "action_time": "2015-08-27T16:48:57.898Z", "action_flag": 2, "object_id": "71", "content_type": 9}, "pk": 177}, {"model": "admin.logentry", "fields": {"user": 1, "change_message": "is_public gewijzigd.", "object_repr": "Wit delftse kan, Duitsland, onderkant", "action_time": "2015-08-27T16:49:06.518Z", "action_flag": 2, "object_id": "75", "content_type": 9}, "pk": 178}, {"model": "admin.logentry", "fields": {"user": 1, "change_message": "title, slug en is_public gewijzigd.", "object_repr": "Wit delftse kan, Duitsland, bovenkant", "action_time": "2015-08-27T16:49:39.629Z", "action_flag": 2, "object_id": "76", "content_type": 9}, "pk": 179}, {"model": "admin.logentry", "fields": {"user": 1, "change_message": "crop_from gewijzigd.", "object_repr": "Wit delftse kan, Duitsland, onderkant", "action_time": "2015-08-27T16:49:55.710Z", "action_flag": 2, "object_id": "75", "content_type": 9}, "pk": 180}, {"model": "admin.logentry", "fields": {"user": 1, "change_message": "", "object_repr": "ceramiek2 17", "action_time": "2015-08-27T16:50:15.854Z", "action_flag": 3, "object_id": "79", "content_type": 9}, "pk": 181}, {"model": "admin.logentry", "fields": {"user": 1, "change_message": "title, slug en is_public gewijzigd.", "object_repr": "Blauw wit delfts lekbord", "action_time": "2015-08-27T16:50:47.505Z", "action_flag": 2, "object_id": "77", "content_type": 9}, "pk": 182}, {"model": "admin.logentry", "fields": {"user": 1, "change_message": "title en slug gewijzigd.", "object_repr": "Blauw wit delfts lekbord, onderkant", "action_time": "2015-08-27T16:51:16.867Z", "action_flag": 2, "object_id": "78", "content_type": 9}, "pk": 183}, {"model": "admin.logentry", "fields": {"user": 1, "change_message": "is_public gewijzigd.", "object_repr": "Blauw wit delfts lekbord, onderkant", "action_time": "2015-08-27T16:51:23.407Z", "action_flag": 2, "object_id": "78", "content_type": 9}, "pk": 184}, {"model": "admin.logentry", "fields": {"user": 1, "change_message": "caption gewijzigd.", "object_repr": "Blauw wit delfts lekbord", "action_time": "2015-08-27T16:51:42.393Z", "action_flag": 2, "object_id": "77", "content_type": 9}, "pk": 185}, {"model": "admin.logentry", "fields": {"user": 1, "change_message": "Geen velden gewijzigd.", "object_repr": "ceramiek2 18", "action_time": "2015-08-27T16:51:55.533Z", "action_flag": 2, "object_id": "80", "content_type": 9}, "pk": 186}, {"model": "admin.logentry", "fields": {"user": 1, "change_message": "title, slug en is_public gewijzigd.", "object_repr": "Veelkleurige delftse kom, onderkant", "action_time": "2015-08-27T16:54:05.024Z", "action_flag": 2, "object_id": "84", "content_type": 9}, "pk": 187}, {"model": "admin.logentry", "fields": {"user": 1, "change_message": "title, slug en caption gewijzigd.", "object_repr": "Veelkleurige delftse kom", "action_time": "2015-08-27T16:55:20.763Z", "action_flag": 2, "object_id": "80", "content_type": 9}, "pk": 188}, {"model": "admin.logentry", "fields": {"user": 1, "change_message": "", "object_repr": "ceramiek2 19", "action_time": "2015-08-27T16:55:39.376Z", "action_flag": 3, "object_id": "81", "content_type": 9}, "pk": 189}, {"model": "admin.logentry", "fields": {"user": 1, "change_message": "", "object_repr": "ceramiek2 20", "action_time": "2015-08-27T16:55:39.380Z", "action_flag": 3, "object_id": "82", "content_type": 9}, "pk": 190}, {"model": "admin.logentry", "fields": {"user": 1, "change_message": "", "object_repr": "ceramiek2 21", "action_time": "2015-08-27T16:55:39.383Z", "action_flag": 3, "object_id": "83", "content_type": 9}, "pk": 191}, {"model": "admin.logentry", "fields": {"user": 1, "change_message": "title, slug en caption gewijzigd.", "object_repr": "Blauw wit chinese schotel", "action_time": "2015-08-27T16:56:55.912Z", "action_flag": 2, "object_id": "85", "content_type": 9}, "pk": 192}, {"model": "admin.logentry", "fields": {"user": 1, "change_message": "is_public gewijzigd.", "object_repr": "Blauw wit chinese schotel", "action_time": "2015-08-27T16:57:04.117Z", "action_flag": 2, "object_id": "85", "content_type": 9}, "pk": 193}, {"model": "admin.logentry", "fields": {"user": 1, "change_message": "title en slug gewijzigd.", "object_repr": "Blauw wit chinese schotel, onderkant", "action_time": "2015-08-27T16:57:27.130Z", "action_flag": 2, "object_id": "86", "content_type": 9}, "pk": 194}, {"model": "admin.logentry", "fields": {"user": 1, "change_message": "is_public gewijzigd.", "object_repr": "Blauw wit chinese schotel, onderkant", "action_time": "2015-08-27T16:57:35.824Z", "action_flag": 2, "object_id": "86", "content_type": 9}, "pk": 195}, {"model": "admin.logentry", "fields": {"user": 1, "change_message": "caption gewijzigd.", "object_repr": "Blauw wit chinese schotel", "action_time": "2015-08-27T16:58:03.834Z", "action_flag": 2, "object_id": "85", "content_type": 9}, "pk": 196}, {"model": "admin.logentry", "fields": {"user": 1, "change_message": "title, slug en caption gewijzigd.", "object_repr": "Blauw wit chinees lekbord", "action_time": "2015-08-27T16:59:11.157Z", "action_flag": 2, "object_id": "87", "content_type": 9}, "pk": 197}, {"model": "admin.logentry", "fields": {"user": 1, "change_message": "is_public gewijzigd.", "object_repr": "Blauw wit chinees lekbord", "action_time": "2015-08-27T16:59:33.501Z", "action_flag": 2, "object_id": "87", "content_type": 9}, "pk": 198}, {"model": "admin.logentry", "fields": {"user": 1, "change_message": "", "object_repr": "ceramiek2 26", "action_time": "2015-08-27T16:59:56.934Z", "action_flag": 3, "object_id": "88", "content_type": 9}, "pk": 199}, {"model": "admin.logentry", "fields": {"user": 1, "change_message": "", "object_repr": "ceramiek2 27", "action_time": "2015-08-27T17:00:49.393Z", "action_flag": 3, "object_id": "89", "content_type": 9}, "pk": 200}, {"model": "admin.logentry", "fields": {"user": 1, "change_message": "title gewijzigd.", "object_repr": "willem", "action_time": "2015-08-27T17:01:19.990Z", "action_flag": 2, "object_id": "91", "content_type": 9}, "pk": 201}, {"model": "admin.logentry", "fields": {"user": 1, "change_message": "", "object_repr": "Delftse schotel, Willem & Mary", "action_time": "2015-08-27T17:01:54.117Z", "action_flag": 3, "object_id": "13", "content_type": 9}, "pk": 202}, {"model": "admin.logentry", "fields": {"user": 1, "change_message": "title, slug en caption gewijzigd.", "object_repr": "Bord Willem & Mary", "action_time": "2015-08-27T17:02:45.614Z", "action_flag": 2, "object_id": "91", "content_type": 9}, "pk": 203}, {"model": "admin.logentry", "fields": {"user": 1, "change_message": "is_public gewijzigd.", "object_repr": "Bord Willem & Mary", "action_time": "2015-08-27T17:02:57.733Z", "action_flag": 2, "object_id": "91", "content_type": 9}, "pk": 204}, {"model": "admin.logentry", "fields": {"user": 1, "change_message": "title en slug gewijzigd.", "object_repr": "Schotel Willem & Mary", "action_time": "2015-08-27T17:03:25.589Z", "action_flag": 2, "object_id": "91", "content_type": 9}, "pk": 205}, {"model": "admin.logentry", "fields": {"user": 1, "change_message": "title en slug gewijzigd.", "object_repr": "Schotel Willem & Mary (provenance)", "action_time": "2015-08-27T17:03:43.138Z", "action_flag": 2, "object_id": "35", "content_type": 9}, "pk": 206}, {"model": "admin.logentry", "fields": {"user": 1, "change_message": "title, slug en is_public gewijzigd.", "object_repr": "Schotel Willem & Mary, onderkant", "action_time": "2015-08-27T17:04:36.628Z", "action_flag": 2, "object_id": "90", "content_type": 9}, "pk": 207}, {"model": "admin.logentry", "fields": {"user": 1, "change_message": "title, slug, caption en is_public gewijzigd.", "object_repr": "Bord, Savona", "action_time": "2015-08-27T17:06:58.101Z", "action_flag": 2, "object_id": "93", "content_type": 9}, "pk": 208}, {"model": "admin.logentry", "fields": {"user": 1, "change_message": "title en slug gewijzigd.", "object_repr": "Bord, Savona, achterkant", "action_time": "2015-08-27T17:07:50.279Z", "action_flag": 2, "object_id": "94", "content_type": 9}, "pk": 209}, {"model": "admin.logentry", "fields": {"user": 1, "change_message": "is_public gewijzigd.", "object_repr": "Bord, Savona, achterkant", "action_time": "2015-08-27T17:08:00.835Z", "action_flag": 2, "object_id": "94", "content_type": 9}, "pk": 210}, {"model": "admin.logentry", "fields": {"user": 1, "change_message": "", "object_repr": "ceramiek2 30", "action_time": "2015-08-27T17:08:25.273Z", "action_flag": 3, "object_id": "92", "content_type": 9}, "pk": 211}, {"model": "admin.logentry", "fields": {"user": 1, "change_message": "", "object_repr": "ceramiek2 33", "action_time": "2015-08-27T17:08:25.277Z", "action_flag": 3, "object_id": "95", "content_type": 9}, "pk": 212}, {"model": "admin.logentry", "fields": {"user": 1, "change_message": "title en slug gewijzigd.", "object_repr": "theebus delfts", "action_time": "2015-08-27T17:09:17.704Z", "action_flag": 2, "object_id": "96", "content_type": 9}, "pk": 213}, {"model": "admin.logentry", "fields": {"user": 1, "change_message": "", "object_repr": "diversen 1", "action_time": "2015-08-27T17:09:30.748Z", "action_flag": 3, "object_id": "97", "content_type": 9}, "pk": 214}, {"model": "admin.logentry", "fields": {"user": 1, "change_message": "effect, title, slug en is_public gewijzigd.", "object_repr": "Wereldbol", "action_time": "2015-08-27T17:09:56.290Z", "action_flag": 2, "object_id": "98", "content_type": 9}, "pk": 215}, {"model": "admin.logentry", "fields": {"user": 1, "change_message": "crop_from gewijzigd.", "object_repr": "Wereldbol", "action_time": "2015-08-27T17:11:45.872Z", "action_flag": 2, "object_id": "98", "content_type": 9}, "pk": 216}, {"model": "admin.logentry", "fields": {"user": 1, "change_message": "caption gewijzigd.", "object_repr": "Wereldbol", "action_time": "2015-08-27T17:12:42.267Z", "action_flag": 2, "object_id": "98", "content_type": 9}, "pk": 217}, {"model": "admin.logentry", "fields": {"user": 1, "change_message": "crop_from gewijzigd.", "object_repr": "Wereldbol", "action_time": "2015-08-27T17:12:58.479Z", "action_flag": 2, "object_id": "98", "content_type": 9}, "pk": 218}, {"model": "admin.logentry", "fields": {"user": 1, "change_message": "", "object_repr": "diversen 3", "action_time": "2015-08-27T17:16:08.137Z", "action_flag": 3, "object_id": "99", "content_type": 9}, "pk": 219}, {"model": "admin.logentry", "fields": {"user": 1, "change_message": "", "object_repr": "diversen 6", "action_time": "2015-08-27T17:16:23.668Z", "action_flag": 3, "object_id": "102", "content_type": 9}, "pk": 220}, {"model": "admin.logentry", "fields": {"user": 1, "change_message": "", "object_repr": "diversen 5", "action_time": "2015-08-27T17:16:23.671Z", "action_flag": 3, "object_id": "101", "content_type": 9}, "pk": 221}, {"model": "admin.logentry", "fields": {"user": 1, "change_message": "", "object_repr": "diversen 4", "action_time": "2015-08-27T17:16:23.673Z", "action_flag": 3, "object_id": "100", "content_type": 9}, "pk": 222}, {"model": "admin.logentry", "fields": {"user": 1, "change_message": "crop_from, title en slug gewijzigd.", "object_repr": "kruis", "action_time": "2015-08-27T17:16:49.572Z", "action_flag": 2, "object_id": "103", "content_type": 9}, "pk": 223}, {"model": "admin.logentry", "fields": {"user": 1, "change_message": "crop_from, title, slug, caption en is_public gewijzigd.", "object_repr": "Ivoren jat", "action_time": "2015-08-27T17:18:10.545Z", "action_flag": 2, "object_id": "104", "content_type": 9}, "pk": 224}, {"model": "admin.logentry", "fields": {"user": 1, "change_message": "crop_from, title, slug, caption en is_public gewijzigd.", "object_repr": "Hazensprong pijpje", "action_time": "2015-08-27T17:20:27.710Z", "action_flag": 2, "object_id": "105", "content_type": 9}, "pk": 225}, {"model": "admin.logentry", "fields": {"user": 1, "change_message": "title, slug, caption en is_public gewijzigd.", "object_repr": "Ivoren - schildpad doosje", "action_time": "2015-08-27T17:22:53.412Z", "action_flag": 2, "object_id": "106", "content_type": 9}, "pk": 226}, {"model": "admin.logentry", "fields": {"user": 1, "change_message": "title, slug en is_public gewijzigd.", "object_repr": "Ivoren - schildpad doosje, geopend", "action_time": "2015-08-27T17:23:17.684Z", "action_flag": 2, "object_id": "107", "content_type": 9}, "pk": 227}, {"model": "admin.logentry", "fields": {"user": 1, "change_message": "title, slug en caption gewijzigd.", "object_repr": "Houten beschilderde apothekers bus", "action_time": "2015-08-27T17:24:23.332Z", "action_flag": 2, "object_id": "108", "content_type": 9}, "pk": 228}, {"model": "admin.logentry", "fields": {"user": 1, "change_message": "is_public gewijzigd.", "object_repr": "Houten beschilderde apothekers bus", "action_time": "2015-08-27T17:24:29.961Z", "action_flag": 2, "object_id": "108", "content_type": 9}, "pk": 229}, {"model": "admin.logentry", "fields": {"user": 1, "change_message": "title, slug en caption gewijzigd.", "object_repr": "Ivoren netsukes", "action_time": "2015-08-27T17:26:16.374Z", "action_flag": 2, "object_id": "110", "content_type": 9}, "pk": 230}, {"model": "admin.logentry", "fields": {"user": 1, "change_message": "is_public gewijzigd.", "object_repr": "Ivoren netsukes", "action_time": "2015-08-27T17:26:32.028Z", "action_flag": 2, "object_id": "110", "content_type": 9}, "pk": 231}, {"model": "admin.logentry", "fields": {"user": 1, "change_message": "title en slug gewijzigd.", "object_repr": "Ivoren netsukes, achterkant", "action_time": "2015-08-27T17:27:03.108Z", "action_flag": 2, "object_id": "111", "content_type": 9}, "pk": 232}, {"model": "admin.logentry", "fields": {"user": 1, "change_message": "is_public gewijzigd.", "object_repr": "Ivoren netsukes, achterkant", "action_time": "2015-08-27T17:27:15.798Z", "action_flag": 2, "object_id": "111", "content_type": 9}, "pk": 233}, {"model": "admin.logentry", "fields": {"user": 1, "change_message": "title en slug gewijzigd.", "object_repr": "Ivoren netsukes, onderkant", "action_time": "2015-08-27T17:27:38.614Z", "action_flag": 2, "object_id": "112", "content_type": 9}, "pk": 234}, {"model": "admin.logentry", "fields": {"user": 1, "change_message": "is_public gewijzigd.", "object_repr": "Ivoren netsukes, onderkant", "action_time": "2015-08-27T17:27:45.533Z", "action_flag": 2, "object_id": "112", "content_type": 9}, "pk": 235}, {"model": "admin.logentry", "fields": {"user": 1, "change_message": "", "object_repr": "diversen 13", "action_time": "2015-08-27T17:27:56.049Z", "action_flag": 3, "object_id": "109", "content_type": 9}, "pk": 236}, {"model": "admin.logentry", "fields": {"user": 1, "change_message": "", "object_repr": "diversen 19", "action_time": "2015-08-27T17:28:19.590Z", "action_flag": 3, "object_id": "115", "content_type": 9}, "pk": 237}, {"model": "admin.logentry", "fields": {"user": 1, "change_message": "title, slug, caption en is_public gewijzigd.", "object_repr": "Houten tondeldoos", "action_time": "2015-08-27T17:29:15.315Z", "action_flag": 2, "object_id": "113", "content_type": 9}, "pk": 238}, {"model": "admin.logentry", "fields": {"user": 1, "change_message": "title en slug gewijzigd.", "object_repr": "Houten tondeldoos, geopend", "action_time": "2015-08-27T17:29:38.248Z", "action_flag": 2, "object_id": "114", "content_type": 9}, "pk": 239}, {"model": "admin.logentry", "fields": {"user": 1, "change_message": "is_public gewijzigd.", "object_repr": "Houten tondeldoos, geopend", "action_time": "2015-08-27T17:29:46.800Z", "action_flag": 2, "object_id": "114", "content_type": 9}, "pk": 240}, {"model": "admin.logentry", "fields": {"user": 1, "change_message": "crop_from, title, slug en caption gewijzigd.", "object_repr": "Leren etui met zilveren montuur", "action_time": "2015-08-27T17:30:42.011Z", "action_flag": 2, "object_id": "116", "content_type": 9}, "pk": 241}, {"model": "admin.logentry", "fields": {"user": 1, "change_message": "is_public gewijzigd.", "object_repr": "Leren etui met zilveren montuur", "action_time": "2015-08-27T17:31:11.034Z", "action_flag": 2, "object_id": "116", "content_type": 9}, "pk": 242}, {"model": "admin.logentry", "fields": {"user": 1, "change_message": "", "object_repr": "diversen 21", "action_time": "2015-08-27T17:31:18.989Z", "action_flag": 3, "object_id": "117", "content_type": 9}, "pk": 243}, {"model": "admin.logentry", "fields": {"user": 1, "change_message": "photos gewijzigd.", "object_repr": "Ceramiek", "action_time": "2015-08-27T17:32:42.817Z", "action_flag": 2, "object_id": "1", "content_type": 8}, "pk": 244}, {"model": "admin.logentry", "fields": {"user": 1, "change_message": "", "object_repr": "Chinese vaasjes", "action_time": "2015-08-27T17:33:14.721Z", "action_flag": 3, "object_id": "11", "content_type": 9}, "pk": 245}, {"model": "admin.logentry", "fields": {"user": 1, "change_message": "photos gewijzigd.", "object_repr": "Ceramiek", "action_time": "2015-08-27T17:34:13.400Z", "action_flag": 2, "object_id": "1", "content_type": 8}, "pk": 246}, {"model": "admin.logentry", "fields": {"user": 1, "change_message": "Geen velden gewijzigd.", "object_repr": "Houtsnijwerk", "action_time": "2015-08-27T17:34:46.200Z", "action_flag": 2, "object_id": "2", "content_type": 8}, "pk": 247}, {"model": "admin.logentry", "fields": {"user": 1, "change_message": "photos gewijzigd.", "object_repr": "ceramiek2", "action_time": "2015-08-27T17:36:58.978Z", "action_flag": 2, "object_id": "11", "content_type": 8}, "pk": 248}, {"model": "admin.logentry", "fields": {"user": 1, "change_message": "", "object_repr": "ceramiek2", "action_time": "2015-08-27T17:37:09.277Z", "action_flag": 3, "object_id": "11", "content_type": 8}, "pk": 249}, {"model": "admin.logentry", "fields": {"user": 1, "change_message": "is_public gewijzigd.", "object_repr": "diversen", "action_time": "2015-08-27T17:37:46.617Z", "action_flag": 2, "object_id": "12", "content_type": 8}, "pk": 250}, {"model": "admin.logentry", "fields": {"user": 1, "change_message": "photos gewijzigd.", "object_repr": "Zilver", "action_time": "2015-08-27T17:38:13.347Z", "action_flag": 2, "object_id": "5", "content_type": 8}, "pk": 251}, {"model": "admin.logentry", "fields": {"user": 1, "change_message": "crop_from gewijzigd.", "object_repr": "kandelaar 17e 18e eeuw", "action_time": "2015-08-27T17:39:30.622Z", "action_flag": 2, "object_id": "31", "content_type": 9}, "pk": 252}, {"model": "admin.logentry", "fields": {"user": 1, "change_message": "", "object_repr": "Blauw wit chinees lekbord", "action_time": "2015-08-27T17:50:34.331Z", "action_flag": 3, "object_id": "87", "content_type": 9}, "pk": 253}, {"model": "admin.logentry", "fields": {"user": 1, "change_message": "title, slug en caption gewijzigd.", "object_repr": "Chinese lekbord", "action_time": "2015-08-27T17:51:20.184Z", "action_flag": 2, "object_id": "47", "content_type": 9}, "pk": 254}, {"model": "admin.logentry", "fields": {"user": 1, "change_message": "title en slug gewijzigd.", "object_repr": "Blauw wit chinees lekbord", "action_time": "2015-08-27T17:52:26.309Z", "action_flag": 2, "object_id": "47", "content_type": 9}, "pk": 255}, {"model": "admin.logentry", "fields": {"user": 1, "change_message": "title en slug gewijzigd.", "object_repr": "Blauw wit chinees lekbord, onderkant", "action_time": "2015-08-27T17:53:14.188Z", "action_flag": 2, "object_id": "46", "content_type": 9}, "pk": 256}, {"model": "admin.logentry", "fields": {"user": 1, "change_message": "title, slug en is_public gewijzigd.", "object_repr": "Blauw wit delfts lekbord, boven", "action_time": "2015-08-27T17:54:09.114Z", "action_flag": 2, "object_id": "77", "content_type": 9}, "pk": 257}, {"model": "admin.logentry", "fields": {"user": 1, "change_message": "title en slug gewijzigd.", "object_repr": "Blauw wit delfts lekbord", "action_time": "2015-08-27T17:54:27.321Z", "action_flag": 2, "object_id": "48", "content_type": 9}, "pk": 258}, {"model": "admin.logentry", "fields": {"user": 1, "change_message": "caption en is_public gewijzigd.", "object_repr": "Blauw wit delfts lekbord", "action_time": "2015-08-27T17:55:10.244Z", "action_flag": 2, "object_id": "48", "content_type": 9}, "pk": 259}, {"model": "admin.logentry", "fields": {"user": 1, "change_message": "", "object_repr": "Pieter Klok detail wijzerplaat", "action_time": "2015-09-25T11:14:21.390Z", "action_flag": 1, "object_id": "120", "content_type": 9}, "pk": 260}, {"model": "admin.logentry", "fields": {"user": 1, "change_message": "", "object_repr": "Pieter Klok uurwerk voorkant.", "action_time": "2015-09-25T11:18:15.114Z", "action_flag": 1, "object_id": "121", "content_type": 9}, "pk": 261}, {"model": "admin.logentry", "fields": {"user": 1, "change_message": "", "object_repr": "Pieter Klok uurwerk zijkant", "action_time": "2015-09-25T11:20:07.906Z", "action_flag": 1, "object_id": "122", "content_type": 9}, "pk": 262}, {"model": "admin.logentry", "fields": {"user": 1, "change_message": "", "object_repr": "Pieter Klok wijzerplaat", "action_time": "2015-09-25T11:24:11.287Z", "action_flag": 1, "object_id": "123", "content_type": 9}, "pk": 263}, {"model": "admin.logentry", "fields": {"user": 1, "change_message": "image gewijzigd.", "object_repr": "Pieter Klok detail wijzerplaat", "action_time": "2015-09-25T11:25:46.683Z", "action_flag": 2, "object_id": "120", "content_type": 9}, "pk": 264}, {"model": "admin.logentry", "fields": {"user": 1, "change_message": "photos gewijzigd.", "object_repr": "klokken", "action_time": "2015-09-25T11:26:58.835Z", "action_flag": 2, "object_id": "10", "content_type": 8}, "pk": 265}, {"model": "admin.logentry", "fields": {"user": 1, "change_message": "photos gewijzigd.", "object_repr": "Ceramiek", "action_time": "2015-09-25T11:40:48.126Z", "action_flag": 2, "object_id": "1", "content_type": 8}, "pk": 266}, {"model": "admin.logentry", "fields": {"user": 1, "change_message": "photos gewijzigd.", "object_repr": "Ceramiek", "action_time": "2015-09-25T11:43:46.181Z", "action_flag": 2, "object_id": "1", "content_type": 8}, "pk": 267}, {"model": "admin.logentry", "fields": {"user": 1, "change_message": "photos gewijzigd.", "object_repr": "Ceramiek", "action_time": "2015-09-25T11:45:03.059Z", "action_flag": 2, "object_id": "1", "content_type": 8}, "pk": 268}, {"model": "admin.logentry", "fields": {"user": 1, "change_message": "", "object_repr": "Kaart van Holland, Blaeu.", "action_time": "2015-09-25T11:48:43.558Z", "action_flag": 1, "object_id": "124", "content_type": 9}, "pk": 269}, {"model": "admin.logentry", "fields": {"user": 1, "change_message": "photos gewijzigd.", "object_repr": "Kaarten en Prenten", "action_time": "2015-09-25T11:49:01.999Z", "action_flag": 2, "object_id": "7", "content_type": 8}, "pk": 270}, {"model": "admin.logentry", "fields": {"user": 1, "change_message": "", "object_repr": "Zilveren bestek met pistoolgreep.", "action_time": "2015-09-25T11:54:26.204Z", "action_flag": 1, "object_id": "125", "content_type": 9}, "pk": 271}, {"model": "admin.logentry", "fields": {"user": 1, "change_message": "crop_from gewijzigd.", "object_repr": "Zilveren bestek met pistoolgreep.", "action_time": "2015-09-25T11:54:53.968Z", "action_flag": 2, "object_id": "125", "content_type": 9}, "pk": 272}, {"model": "admin.logentry", "fields": {"user": 1, "change_message": "Geen velden gewijzigd.", "object_repr": "Zilveren bestek met pistoolgreep.", "action_time": "2015-09-25T11:55:40.379Z", "action_flag": 2, "object_id": "125", "content_type": 9}, "pk": 273}, {"model": "admin.logentry", "fields": {"user": 1, "change_message": "", "object_repr": "Zilveren bestek met pistoolgreep, liggend.", "action_time": "2015-09-25T11:59:30.629Z", "action_flag": 1, "object_id": "126", "content_type": 9}, "pk": 274}, {"model": "admin.logentry", "fields": {"user": 1, "change_message": "photos gewijzigd.", "object_repr": "Zilver", "action_time": "2015-09-25T11:59:55.678Z", "action_flag": 2, "object_id": "5", "content_type": 8}, "pk": 275}, {"model": "admin.logentry", "fields": {"user": 1, "change_message": "title, slug en caption gewijzigd.", "object_repr": "globe op houten gedraaide voet", "action_time": "2015-09-25T12:16:58.886Z", "action_flag": 2, "object_id": "98", "content_type": 9}, "pk": 276}, {"model": "admin.logentry", "fields": {"user": 1, "change_message": "", "object_repr": "Spiegel met afbeelding van stoomzeilschip.", "action_time": "2015-09-25T13:56:54.676Z", "action_flag": 1, "object_id": "127", "content_type": 9}, "pk": 277}, {"model": "admin.logentry", "fields": {"user": 1, "change_message": "title, slug en caption gewijzigd.", "object_repr": "Spiegel met afbeelding van stoomzeilschip, detail.", "action_time": "2015-09-25T14:01:56.591Z", "action_flag": 2, "object_id": "127", "content_type": 9}, "pk": 278}, {"model": "admin.logentry", "fields": {"user": 1, "change_message": "", "object_repr": "Spiegel met afbeelding van stoomzeilschip", "action_time": "2015-09-25T14:03:33.458Z", "action_flag": 1, "object_id": "128", "content_type": 9}, "pk": 279}, {"model": "admin.logentry", "fields": {"user": 1, "change_message": "effect gewijzigd.", "object_repr": "Spiegel met afbeelding van stoomzeilschip", "action_time": "2015-09-25T14:03:49.582Z", "action_flag": 2, "object_id": "128", "content_type": 9}, "pk": 280}, {"model": "admin.logentry", "fields": {"user": 1, "change_message": "Geen velden gewijzigd.", "object_repr": "Spiegel met afbeelding van stoomzeilschip", "action_time": "2015-09-25T14:04:12.665Z", "action_flag": 2, "object_id": "128", "content_type": 9}, "pk": 281}, {"model": "admin.logentry", "fields": {"user": 1, "change_message": "image en crop_from gewijzigd.", "object_repr": "Spiegel met afbeelding van stoomzeilschip", "action_time": "2015-09-25T14:05:43.639Z", "action_flag": 2, "object_id": "128", "content_type": 9}, "pk": 282}, {"model": "admin.logentry", "fields": {"user": 1, "change_message": "", "object_repr": "Spanendoosje met houtgravure beplakt, 16e eeuw.", "action_time": "2015-09-25T14:10:12.411Z", "action_flag": 1, "object_id": "129", "content_type": 9}, "pk": 283}, {"model": "admin.logentry", "fields": {"user": 1, "change_message": "", "object_repr": "Spanendoosje met houtgravure beplakt, zijkant.", "action_time": "2015-09-25T14:11:16.939Z", "action_flag": 1, "object_id": "130", "content_type": 9}, "pk": 284}, {"model": "admin.logentry", "fields": {"user": 1, "change_message": "crop_from gewijzigd.", "object_repr": "Spanendoosje met houtgravure beplakt, zijkant.", "action_time": "2015-09-25T14:11:37.774Z", "action_flag": 2, "object_id": "130", "content_type": 9}, "pk": 285}, {"model": "admin.logentry", "fields": {"user": 1, "change_message": "", "object_repr": "Spanendoosje met houtgravure van ruiter beplakt. 16e eeuw.", "action_time": "2015-09-25T14:14:27.318Z", "action_flag": 1, "object_id": "131", "content_type": 9}, "pk": 286}, {"model": "admin.logentry", "fields": {"user": 1, "change_message": "", "object_repr": "Spanendoosje met houtgravure van ruiter beplakt, zijkant.", "action_time": "2015-09-25T14:15:48.343Z", "action_flag": 1, "object_id": "132", "content_type": 9}, "pk": 287}, {"model": "admin.logentry", "fields": {"user": 1, "change_message": "", "object_repr": "Houten naaldenkussen.", "action_time": "2015-09-25T14:16:41.257Z", "action_flag": 1, "object_id": "133", "content_type": 9}, "pk": 288}, {"model": "admin.logentry", "fields": {"user": 1, "change_message": "", "object_repr": "Suikerplankje, voormalig Nederlands-Indi\u00eb", "action_time": "2015-09-25T14:20:28.933Z", "action_flag": 1, "object_id": "134", "content_type": 9}, "pk": 289}, {"model": "admin.logentry", "fields": {"user": 1, "change_message": "crop_from gewijzigd.", "object_repr": "Suikerplankje, voormalig Nederlands-Indi\u00eb", "action_time": "2015-09-25T14:21:36.931Z", "action_flag": 2, "object_id": "134", "content_type": 9}, "pk": 290}, {"model": "admin.logentry", "fields": {"user": 1, "change_message": "photos gewijzigd.", "object_repr": "diversen", "action_time": "2015-09-25T14:22:18.585Z", "action_flag": 2, "object_id": "12", "content_type": 8}, "pk": 291}, {"model": "admin.logentry", "fields": {"user": 1, "change_message": "Geen velden gewijzigd.", "object_repr": "Zilver", "action_time": "2015-09-25T14:22:26.569Z", "action_flag": 2, "object_id": "5", "content_type": 8}, "pk": 292}]