[{"pk": 1, "fields": {"model": "logentry", "app_label": "admin", "name": "log entry"}, "model": "contenttypes.contenttype"}, {"pk": 2, "fields": {"model": "permission", "app_label": "auth", "name": "permission"}, "model": "contenttypes.contenttype"}, {"pk": 3, "fields": {"model": "group", "app_label": "auth", "name": "group"}, "model": "contenttypes.contenttype"}, {"pk": 4, "fields": {"model": "user", "app_label": "auth", "name": "user"}, "model": "contenttypes.contenttype"}, {"pk": 5, "fields": {"model": "contenttype", "app_label": "contenttypes", "name": "content type"}, "model": "contenttypes.contenttype"}, {"pk": 6, "fields": {"model": "session", "app_label": "sessions", "name": "session"}, "model": "contenttypes.contenttype"}, {"pk": 7, "fields": {"model": "site", "app_label": "sites", "name": "site"}, "model": "contenttypes.contenttype"}, {"pk": 8, "fields": {"model": "gallery", "app_label": "photologue", "name": "gallery"}, "model": "contenttypes.contenttype"}, {"pk": 9, "fields": {"model": "photo", "app_label": "photologue", "name": "photo"}, "model": "contenttypes.contenttype"}, {"pk": 10, "fields": {"model": "photoeffect", "app_label": "photologue", "name": "photo effect"}, "model": "contenttypes.contenttype"}, {"pk": 11, "fields": {"model": "watermark", "app_label": "photologue", "name": "watermark"}, "model": "contenttypes.contenttype"}, {"pk": 12, "fields": {"model": "photosize", "app_label": "photologue", "name": "photo size"}, "model": "contenttypes.contenttype"}, {"pk": "3zpgbqnvbzzj8kv14sjjj9oemdinepl9", "fields": {"expire_date": "2015-05-27T14:24:44.226Z", "session_data": "ODE0NmY1Y2VhOGQ4ZjkzYjgxZTljYzk3NjJkMDYxY2MwYmQ5NDI4Yzp7Il9hdXRoX3VzZXJfaGFzaCI6IjJkOTQzZTNmNTQ0ZjljYTA1NzVmNTE2NTYxODI5NmQ4NDY5N2U2Y2IiLCJfYXV0aF91c2VyX2JhY2tlbmQiOiJkamFuZ28uY29udHJpYi5hdXRoLmJhY2tlbmRzLk1vZGVsQmFja2VuZCIsIl9hdXRoX3VzZXJfaWQiOjF9"}, "model": "sessions.session"}, {"pk": "499du7t431e62rotw2vn325iv6t1xztr", "fields": {"expire_date": "2015-09-10T14:13:35.103Z", "session_data": "ZWNhZmI0Y2MwNzFlN2M4Y2E1YjMxYzc3NjVmMjE0MTI5ZTliOTI3Zjp7Il9hdXRoX3VzZXJfaGFzaCI6IjJkOTQzZTNmNTQ0ZjljYTA1NzVmNTE2NTYxODI5NmQ4NDY5N2U2Y2IiLCJfYXV0aF91c2VyX2lkIjoxLCJfYXV0aF91c2VyX2JhY2tlbmQiOiJkamFuZ28uY29udHJpYi5hdXRoLmJhY2tlbmRzLk1vZGVsQmFja2VuZCJ9"}, "model": "sessions.session"}, {"pk": "4ml4kj0bxxu3gg1m5cqvjjf6z13u3a85", "fields": {"expire_date": "2015-02-06T13:36:12.781Z", "session_data": "NDhlMzlkYjVjNjcyNDliYjhjNWUzZjBhODhiYTUwN2ZiYzExODVkOTp7Il9hdXRoX3VzZXJfaWQiOjEsIl9hdXRoX3VzZXJfYmFja2VuZCI6ImRqYW5nby5jb250cmliLmF1dGguYmFja2VuZHMuTW9kZWxCYWNrZW5kIiwiX2F1dGhfdXNlcl9oYXNoIjoiMmQ3NTdhYTY2YzkwMjZhOGE5ZjE3NDk4OGNlN2IzYzFmYTk2NDkzOSJ9"}, "model": "sessions.session"}, {"pk": "5tthkng584rks5o5vy3upd0ht3xel4mr", "fields": {"expire_date": "2015-05-12T16:36:19.795Z", "session_data": "ZWNhZmI0Y2MwNzFlN2M4Y2E1YjMxYzc3NjVmMjE0MTI5ZTliOTI3Zjp7Il9hdXRoX3VzZXJfaGFzaCI6IjJkOTQzZTNmNTQ0ZjljYTA1NzVmNTE2NTYxODI5NmQ4NDY5N2U2Y2IiLCJfYXV0aF91c2VyX2lkIjoxLCJfYXV0aF91c2VyX2JhY2tlbmQiOiJkamFuZ28uY29udHJpYi5hdXRoLmJhY2tlbmRzLk1vZGVsQmFja2VuZCJ9"}, "model": "sessions.session"}, {"pk": "eml6kjn5g0z39mt1w568nzk060tkisgy", "fields": {"expire_date": "2015-06-11T14:05:17.375Z", "session_data": "ODE0NmY1Y2VhOGQ4ZjkzYjgxZTljYzk3NjJkMDYxY2MwYmQ5NDI4Yzp7Il9hdXRoX3VzZXJfaGFzaCI6IjJkOTQzZTNmNTQ0ZjljYTA1NzVmNTE2NTYxODI5NmQ4NDY5N2U2Y2IiLCJfYXV0aF91c2VyX2JhY2tlbmQiOiJkamFuZ28uY29udHJpYi5hdXRoLmJhY2tlbmRzLk1vZGVsQmFja2VuZCIsIl9hdXRoX3VzZXJfaWQiOjF9"}, "model": "sessions.session"}, {"pk": "iuczywpx44948uflies700vnj74vcvry", "fields": {"expire_date": "2015-07-15T17:23:23.433Z", "session_data": "ODE0NmY1Y2VhOGQ4ZjkzYjgxZTljYzk3NjJkMDYxY2MwYmQ5NDI4Yzp7Il9hdXRoX3VzZXJfaGFzaCI6IjJkOTQzZTNmNTQ0ZjljYTA1NzVmNTE2NTYxODI5NmQ4NDY5N2U2Y2IiLCJfYXV0aF91c2VyX2JhY2tlbmQiOiJkamFuZ28uY29udHJpYi5hdXRoLmJhY2tlbmRzLk1vZGVsQmFja2VuZCIsIl9hdXRoX3VzZXJfaWQiOjF9"}, "model": "sessions.session"}, {"pk": "k53wnxywp8sz8dqx4839k5zajs31ny4p", "fields": {"expire_date": "2015-02-03T12:47:13.223Z", "session_data": "YjhiM2RlYWI4YjA5YjgzMWY0YjNkYjliYmJhNDNiYTQzOTFiNTIwZjp7Il9hdXRoX3VzZXJfYmFja2VuZCI6ImRqYW5nby5jb250cmliLmF1dGguYmFja2VuZHMuTW9kZWxCYWNrZW5kIiwiX2F1dGhfdXNlcl9oYXNoIjoiMmQ3NTdhYTY2YzkwMjZhOGE5ZjE3NDk4OGNlN2IzYzFmYTk2NDkzOSIsIl9hdXRoX3VzZXJfaWQiOjF9"}, "model": "sessions.session"}, {"pk": "lbguuhio1xgf5hf7jpzx65sjam22fs8t", "fields": {"expire_date": "2015-07-22T13:45:29.640Z", "session_data": "ODE0NmY1Y2VhOGQ4ZjkzYjgxZTljYzk3NjJkMDYxY2MwYmQ5NDI4Yzp7Il9hdXRoX3VzZXJfaGFzaCI6IjJkOTQzZTNmNTQ0ZjljYTA1NzVmNTE2NTYxODI5NmQ4NDY5N2U2Y2IiLCJfYXV0aF91c2VyX2JhY2tlbmQiOiJkamFuZ28uY29udHJpYi5hdXRoLmJhY2tlbmRzLk1vZGVsQmFja2VuZCIsIl9hdXRoX3VzZXJfaWQiOjF9"}, "model": "sessions.session"}, {"pk": "lyhrjl7x83l77bbayme3el0nx2k0ewiv", "fields": {"expire_date": "2015-07-22T12:45:00.710Z", "session_data": "ODE0NmY1Y2VhOGQ4ZjkzYjgxZTljYzk3NjJkMDYxY2MwYmQ5NDI4Yzp7Il9hdXRoX3VzZXJfaGFzaCI6IjJkOTQzZTNmNTQ0ZjljYTA1NzVmNTE2NTYxODI5NmQ4NDY5N2U2Y2IiLCJfYXV0aF91c2VyX2JhY2tlbmQiOiJkamFuZ28uY29udHJpYi5hdXRoLmJhY2tlbmRzLk1vZGVsQmFja2VuZCIsIl9hdXRoX3VzZXJfaWQiOjF9"}, "model": "sessions.session"}, {"pk": "zji5saomcquxwjzvhvkkhyipg7qxxdvo", "fields": {"expire_date": "2015-01-22T15:25:24.750Z", "session_data": "NDhlMzlkYjVjNjcyNDliYjhjNWUzZjBhODhiYTUwN2ZiYzExODVkOTp7Il9hdXRoX3VzZXJfaWQiOjEsIl9hdXRoX3VzZXJfYmFja2VuZCI6ImRqYW5nby5jb250cmliLmF1dGguYmFja2VuZHMuTW9kZWxCYWNrZW5kIiwiX2F1dGhfdXNlcl9oYXNoIjoiMmQ3NTdhYTY2YzkwMjZhOGE5ZjE3NDk4OGNlN2IzYzFmYTk2NDkzOSJ9"}, "model": "sessions.session"}, {"pk": "zn5hezeulvepanzcedylqbthm42bv2rk", "fields": {"expire_date": "2015-09-10T12:49:17.159Z", "session_data": "ZWNhZmI0Y2MwNzFlN2M4Y2E1YjMxYzc3NjVmMjE0MTI5ZTliOTI3Zjp7Il9hdXRoX3VzZXJfaGFzaCI6IjJkOTQzZTNmNTQ0ZjljYTA1NzVmNTE2NTYxODI5NmQ4NDY5N2U2Y2IiLCJfYXV0aF91c2VyX2lkIjoxLCJfYXV0aF91c2VyX2JhY2tlbmQiOiJkamFuZ28uY29udHJpYi5hdXRoLmJhY2tlbmRzLk1vZGVsQmFja2VuZCJ9"}, "model": "sessions.session"}, {"pk": "zrnxjvn0cvu5z71v00rbt1llu6rgukb8", "fields": {"expire_date": "2015-06-11T13:00:28.296Z", "session_data": "ODE0NmY1Y2VhOGQ4ZjkzYjgxZTljYzk3NjJkMDYxY2MwYmQ5NDI4Yzp7Il9hdXRoX3VzZXJfaGFzaCI6IjJkOTQzZTNmNTQ0ZjljYTA1NzVmNTE2NTYxODI5NmQ4NDY5N2U2Y2IiLCJfYXV0aF91c2VyX2JhY2tlbmQiOiJkamFuZ28uY29udHJpYi5hdXRoLmJhY2tlbmRzLk1vZGVsQmFja2VuZCIsIl9hdXRoX3VzZXJfaWQiOjF9"}, "model": "sessions.session"}, {"pk": 1, "fields": {"domain": "henkkamp.net", "name": "henkkamp.net"}, "model": "sites.site"}, {"pk": 1, "fields": {"date_added": "2015-01-08T15:25:27Z", "photos": [27, 26, 16, 15, 14, 12, 25, 44, 45, 46, 47, 48, 49, 50, 51, 52, 53, 54, 55, 56, 57, 58, 59, 60, 61, 62, 93, 94, 90, 91, 86, 85, 84, 80, 78, 76, 77, 74, 75, 69, 71, 70, 66, 63, 35, 28], "is_public": true, "slug": "ceramiek", "description": "Voorbeelden van Ceramieken zijn aardewerk, steengoed en porselein. ", "sites": [1], "title": "Ceramiek", "tags": ""}, "model": "photologue.gallery"}, {"pk": 2, "fields": {"date_added": "2015-01-13T15:16:43Z", "photos": [22, 21], "is_public": true, "slug": "houtsnijwerk", "description": "Houtsnijwerk is hout, dat bewerkt is met een stuk snijdgereedschap, waardoor het een bepaalde vorm krijgt. Dit wordt dan op bijvoorbeeld klokken of meubilair aangebracht om het er mooier uit te laten zien. Vroeger was dit het ambacht van de houtsnijder en de beeldsnijder.", "sites": [1], "title": "Houtsnijwerk", "tags": ""}, "model": "photologue.gallery"}, {"pk": 3, "fields": {"date_added": "2015-01-13T15:17:26Z", "photos": [10, 31], "is_public": true, "slug": "messing-brons", "description": "Messing of geelkoper is een legering van koper (55-70%) en zink (45-30%)\r\n\r\nBrons is een legering van koper en tin. Het tingehalte kan vari\u00ebren van ca. 10 tot 30%. De legering heeft een roodachtige tot gelige kleur, afhankelijk van het tingehalte.", "sites": [1], "title": "Messing - Brons", "tags": ""}, "model": "photologue.gallery"}, {"pk": 4, "fields": {"date_added": "2015-01-13T15:18:22Z", "photos": [24, 29, 33, 30], "is_public": true, "slug": "tin", "description": "In vroeger eeuwen werd tin vaak gebruikt om borden, bekers, kannen en bestek te maken. Het gesmolten tin werd door een tingieter in vormen gegoten.", "sites": [1], "title": "Tin", "tags": ""}, "model": "photologue.gallery"}, {"pk": 5, "fields": {"date_added": "2015-01-13T15:19:36Z", "photos": [19, 17], "is_public": true, "slug": "zilver", "description": "Zilver is een veelgebruikt materiaal in de toegepaste kunst voor de vervaardiging van reli\u00ebfs, portretbustes, reliekhouders, doopschelpen en ander liturgisch vaatwerk, kandelaars, tabaks- en snuifdozen, koffiekannen, tafelzilver en andere sier- en gebruiksvoorwerpen.\r\n\r\nSterlingzilver (legering met zeer hoog zilvergehalte) wordt door edelsmeden veel gebruikt voor de vervaardiging van sieraden.\r\n\r\nZilver wordt ook gebruikt om voorwerpen gemaakt van minderwaardige metalen te verzilveren.\r\n", "sites": [1], "title": "Zilver", "tags": ""}, "model": "photologue.gallery"}, {"pk": 7, "fields": {"date_added": "2015-07-07T13:25:48Z", "photos": [32], "is_public": true, "slug": "kaarten-en-prenten", "description": "", "sites": [1], "title": "Kaarten en Prenten", "tags": ""}, "model": "photologue.gallery"}, {"pk": 10, "fields": {"date_added": "2015-08-27T11:31:17Z", "photos": [36, 38, 39, 40, 43, 119, 118], "is_public": true, "slug": "klokken", "description": "Antieke klokken en zonnewijzers. ", "sites": [1], "title": "klokken", "tags": ""}, "model": "photologue.gallery"}, {"pk": 12, "fields": {"date_added": "2015-08-27T13:59:57Z", "photos": [98, 103, 104, 105, 106, 107, 108, 110, 111, 112, 113, 114, 116], "is_public": true, "slug": "diversen", "description": "", "sites": [1], "title": "diversen", "tags": ""}, "model": "photologue.gallery"}, {"pk": 10, "fields": {"date_added": "2015-05-13T14:45:31Z", "effect": null, "slug": "wijnkelderkandelaar", "title": "Wijnkelderkandelaar", "caption": "Messing en houten wijnkelderkandelaar. \r\nFrankrijk, 18e eeuw.\r\nLengte: 30 cm.", "crop_from": "center", "view_count": 743, "image": "photologue/photos/wijnkelderkandelaar.jpg", "date_taken": "2015-05-13T15:03:36.948Z", "is_public": true, "sites": [1], "tags": ""}, "model": "photologue.photo"}, {"pk": 12, "fields": {"date_added": "2015-05-13T15:04:18Z", "effect": null, "slug": "delftse-vaas-17e-eeuw", "title": "Delftse vaas, 17e eeuw", "caption": "Delfts aardewerk vaas met Chinoiserie afbeelding. \r\nEind 17e eeuw.", "crop_from": "center", "view_count": 598, "image": "photologue/photos/vaas-delft-17e.jpg", "date_taken": "2015-05-13T15:05:25.793Z", "is_public": true, "sites": [1], "tags": ""}, "model": "photologue.photo"}, {"pk": 14, "fields": {"date_added": "2015-05-13T15:06:36Z", "effect": null, "slug": "delftse-schotel-bloemenvaas", "title": "Delftse schotel, bloemenvaas", "caption": "Delfts aardewerk, schotel met bloemenvaas afbeelding. 18e eeuw. \r\nDoorsnede 30,1 cm. ", "crop_from": "center", "view_count": 609, "image": "photologue/photos/schotel-bloemenvaas.jpg", "date_taken": "2015-05-13T15:07:09.410Z", "is_public": true, "sites": [1], "tags": ""}, "model": "photologue.photo"}, {"pk": 15, "fields": {"date_added": "2015-05-13T15:07:29Z", "effect": null, "slug": "delftse-schotel-bloemen", "title": "Delftse schotel, bloemen", "caption": "Schotel, Delfts aardewerk, 18e eeuw. \r\nDoorsnede 30,4 cm.", "crop_from": "center", "view_count": 583, "image": "photologue/photos/schotel-bloemen.jpg", "date_taken": "2015-05-13T15:07:57.651Z", "is_public": true, "sites": [1], "tags": ""}, "model": "photologue.photo"}, {"pk": 16, "fields": {"date_added": "2015-05-13T15:07:59Z", "effect": null, "slug": "delftse-scheerschotel", "title": "Delftse Scheerschotel", "caption": "Delfts aardewerk, scheerschotel, 18e eeuw. \r\nDoorsnede 25,1 cm.", "crop_from": "center", "view_count": 600, "image": "photologue/photos/scheerschotel.jpg", "date_taken": "2015-05-13T15:08:17.100Z", "is_public": true, "sites": [1], "tags": ""}, "model": "photologue.photo"}, {"pk": 17, "fields": {"date_added": "2015-05-13T15:08:33Z", "effect": null, "slug": "zilveren-rammelaar", "title": "Zilveren rammelaar", "caption": "Zilveren rammelaar, 17e eeuw, Nederlands. ", "crop_from": "center", "view_count": 391, "image": "photologue/photos/rammelaar-zilver.jpg", "date_taken": "2015-05-13T15:08:57.385Z", "is_public": true, "sites": [1], "tags": ""}, "model": "photologue.photo"}, {"pk": 18, "fields": {"date_added": "2015-05-13T15:08:59Z", "effect": null, "slug": "olielamp", "title": "Olielamp", "caption": "Olielamp met glazen reservoir. \r\nDuits, 19e eeuw. \r\nHoogte 36,5 cm. ", "crop_from": "center", "view_count": 297, "image": "photologue/photos/olielamp-tin.jpg", "date_taken": "2015-05-13T15:09:27.526Z", "is_public": true, "sites": [1], "tags": ""}, "model": "photologue.photo"}, {"pk": 19, "fields": {"date_added": "2015-05-13T15:09:33Z", "effect": null, "slug": "zilveren-kandelaar", "title": "Zilveren kandelaar", "caption": "Zilveren kandelaar, 17e eeuw, Nederlands. Kinderspeelgoed. ", "crop_from": "center", "view_count": 692, "image": "photologue/photos/kandelaar-zilver.jpg", "date_taken": "2015-05-13T15:09:56.340Z", "is_public": true, "sites": [1], "tags": ""}, "model": "photologue.photo"}, {"pk": 20, "fields": {"date_added": "2015-05-13T15:09:56Z", "effect": null, "slug": "de-wachter", "title": "De Wachter.", "caption": "Bronzen beeld: De Wachter. \r\nEric Claus, Nederlands, 20e eeuw. \r\nHoogte (zonder sokkel) 13,7 cm. ", "crop_from": "center", "view_count": 315, "image": "photologue/photos/eric-claus-de-wachter.jpg", "date_taken": "2015-05-13T15:10:22.914Z", "is_public": true, "sites": [1], "tags": ""}, "model": "photologue.photo"}, {"pk": 21, "fields": {"date_added": "2015-05-13T15:10:23Z", "effect": null, "slug": "engelenkop-detail", "title": "Engelenkop detail", "caption": "Eikenhouten engelenkop. \r\nNoord-Nederlands, eind 18e eeuw. \r\nBreedte 42 cm. ", "crop_from": "center", "view_count": 738, "image": "photologue/photos/engelenkop-hout-detail.jpg", "date_taken": "2015-05-13T15:11:45.449Z", "is_public": true, "sites": [1], "tags": ""}, "model": "photologue.photo"}, {"pk": 22, "fields": {"date_added": "2015-05-13T15:11:45Z", "effect": null, "slug": "engelenkop", "title": "Engelenkop", "caption": "Eikenhouten engelenkop. \r\nNoord-Nederlands, eind 18e eeuw. \r\nBreedte 42 cm. ", "crop_from": "center", "view_count": 736, "image": "photologue/photos/engelenkop-hout.jpg", "date_taken": "2015-05-13T15:12:15.073Z", "is_public": true, "sites": [1], "tags": ""}, "model": "photologue.photo"}, {"pk": 23, "fields": {"date_added": "2015-05-13T15:12:15Z", "effect": null, "slug": "chanouka-judaica-nederlands", "title": "Chanouka, Judaica, Nederlands", "caption": "Messing Chanouka, Nederlands. \r\n18e eeuw.\r\nHoogte, 26,9 cm.", "crop_from": "center", "view_count": 309, "image": "photologue/photos/chanouka-judaica.jpg", "date_taken": "2015-05-13T15:12:54.318Z", "is_public": true, "sites": [1], "tags": ""}, "model": "photologue.photo"}, {"pk": 24, "fields": {"date_added": "2015-05-13T15:12:54Z", "effect": null, "slug": "bord-relief-tin", "title": "Bord, reli\u00ebf tin", "caption": "Bord, reli\u00ebf tin. Frankrijk, 18e eeuw. \r\nDeels verguld. \r\nDoorsnede 24,7 cm. ", "crop_from": "center", "view_count": 746, "image": "photologue/photos/bord-relief-tin.jpg", "date_taken": "2015-05-13T15:13:22.271Z", "is_public": true, "sites": [1], "tags": ""}, "model": "photologue.photo"}, {"pk": 25, "fields": {"date_added": "2015-05-13T15:13:22Z", "effect": null, "slug": "delfts-bordje", "title": "Delfts bordje, bloemenvaas", "caption": "Delfts aardewerk, bordje met bloemenvaas afbeelding. \r\nEind 18e eeuw.\r\nDoorsnede 23,1 cm. ", "crop_from": "center", "view_count": 598, "image": "photologue/photos/bord-delft-vaas2.jpg", "date_taken": "2015-05-13T15:13:59.282Z", "is_public": true, "sites": [1], "tags": ""}, "model": "photologue.photo"}, {"pk": 26, "fields": {"date_added": "2015-05-13T15:13:59Z", "effect": null, "slug": "delfts-bordje-bloemenvaas", "title": "Delfts bordje, bloemenvaas met gele ring", "caption": "Delfts aardewerk, bordje met bloemenvaas afbeelding. \r\nEind 18e eeuw.\r\nDoorsnede 22,4 cm. ", "crop_from": "center", "view_count": 636, "image": "photologue/photos/bord-delft-vaas.jpg", "date_taken": "2015-05-13T15:14:56.227Z", "is_public": true, "sites": [1], "tags": ""}, "model": "photologue.photo"}, {"pk": 27, "fields": {"date_added": "2015-05-13T15:14:56Z", "effect": null, "slug": "delfts-bordje-boeren-landschap", "title": "Delfts bordje, boeren landschap", "caption": "Delfts aardewerk, boeren landschap. \r\n18e eeuw. \r\nDoorsnede 22 cm.", "crop_from": "center", "view_count": 570, "image": "photologue/photos/bord-delft-boeren.jpg", "date_taken": "2015-05-13T15:15:31.580Z", "is_public": true, "sites": [1], "tags": ""}, "model": "photologue.photo"}, {"pk": 28, "fields": {"date_added": "2015-05-13T15:15:31Z", "effect": null, "slug": "delfts-bordje-bloemen", "title": "Delfts bordje, bloemen", "caption": "Delfts aardewerk, bordje met bloemen afbeelding. \r\nEerste helft 19e eeuw. \r\nDoorsnede 22,7 cm. ", "crop_from": "center", "view_count": 365, "image": "photologue/photos/bord-delft-19e.jpg", "date_taken": "2015-05-13T15:16:39.115Z", "is_public": true, "sites": [1], "tags": ""}, "model": "photologue.photo"}, {"pk": 29, "fields": {"date_added": "2015-05-28T14:20:25Z", "effect": null, "slug": "stel-18e-eeuwse-theebusjes", "title": "Stel 18e eeuwse theebusjes ", "caption": "Stel vaasvormige, tinnen theebusjes in zigzag gravure versierd met bloemmotieven.\r\nNederlands, begin 18e eeuw. Gemerkt onder de bodem: onbekende meester.\r\nAfmetingen: Hoogte 13 cm. Doorsnee voet 5 cm.\r\n", "crop_from": "center", "view_count": 792, "image": "photologue/photos/2099.jpg", "date_taken": "2015-05-28T14:36:18.621Z", "is_public": true, "sites": [1], "tags": ""}, "model": "photologue.photo"}, {"pk": 30, "fields": {"date_added": "2015-07-07T13:04:00Z", "effect": null, "slug": "cabaret-18e-eeuw", "title": "cabaret 18e eeuw", "caption": "", "crop_from": "center", "view_count": 686, "image": "photologue/photos/2366 a.jpg", "date_taken": "2015-07-07T13:06:51.243Z", "is_public": true, "sites": [1], "tags": ""}, "model": "photologue.photo"}, {"pk": 31, "fields": {"date_added": "2015-07-07T13:06:51Z", "effect": null, "slug": "kandelaar-17e-18e-eeuw", "title": "kandelaar 17e 18e eeuw", "caption": "", "crop_from": "top", "view_count": 664, "image": "photologue/photos/kandelaar.jpg", "date_taken": "2015-07-07T13:08:31.101Z", "is_public": true, "sites": [1], "tags": ""}, "model": "photologue.photo"}, {"pk": 32, "fields": {"date_added": "2015-07-07T13:08:32Z", "effect": null, "slug": "johann-daniel-herz-jerusalem", "title": "Johann Daniel Herz: Jerusalem", "caption": "", "crop_from": "center", "view_count": 638, "image": "photologue/photos/jerusalem.jpg", "date_taken": "2015-07-07T13:11:58.693Z", "is_public": true, "sites": [1], "tags": ""}, "model": "photologue.photo"}, {"pk": 33, "fields": {"date_added": "2015-07-07T13:16:42Z", "effect": null, "slug": "kardinaalschotel-17e-eeuw-parijs", "title": "Kardinaalschotel 17e eeuw Parijs", "caption": "", "crop_from": "center", "view_count": 733, "image": "photologue/photos/kardinaalbord.jpg", "date_taken": "2015-07-07T13:21:29.805Z", "is_public": true, "sites": [1], "tags": ""}, "model": "photologue.photo"}, {"pk": 35, "fields": {"date_added": "2015-07-08T15:51:47Z", "effect": null, "slug": "schotel-willem-mary-provenance", "title": "Schotel Willem & Mary (provenance)", "caption": "Provenance van het bord Willem & Mary.\r\nTijdschrift \"Antiek\" mei 1974.", "crop_from": "center", "view_count": 186, "image": "photologue/photos/Antiek mei 1974 1.jpg", "date_taken": "2015-07-08T15:51:47.911Z", "is_public": true, "sites": [1], "tags": ""}, "model": "photologue.photo"}, {"pk": 36, "fields": {"date_added": "2015-08-27T11:31:17Z", "effect": null, "slug": "lantaarnklok-parijs-18e-eeuw", "title": "Lantaarnklok Parijs 18e eeuw", "caption": "Volledig gerestaureerde lantaarnklok uit de 18e eeuw. Geheel origineel.\r\nDit is een eenwijzerig uurwerk. Wijzerplaat van koper en email. ", "crop_from": "center", "view_count": 215, "image": "photologue/photos/klokken RIMG0003.JPG", "date_taken": "2015-08-27T11:31:17.935Z", "is_public": true, "sites": [1], "tags": ""}, "model": "photologue.photo"}, {"pk": 38, "fields": {"date_added": "2015-08-27T11:31:22Z", "effect": null, "slug": "zakzonnewijzer", "title": "Zakzonnewijzer ", "caption": "17e eeuwse houten klap- of reiszonnewijzer. Mogelijk Leonhart Miller.\r\n", "crop_from": "center", "view_count": 232, "image": "photologue/photos/klokken RIMG0231.JPG", "date_taken": "2015-08-27T11:31:22.837Z", "is_public": true, "sites": [1], "tags": ""}, "model": "photologue.photo"}, {"pk": 39, "fields": {"date_added": "2015-08-27T11:31:23Z", "effect": 1, "slug": "duitse-stoelklok", "title": "Duitse stoelklok", "caption": "17e - 18e eeuwse duitse stoelklok.", "crop_from": "center", "view_count": 239, "image": "photologue/photos/klokken duitse stoelklok.JPG", "date_taken": "2015-08-27T11:31:23.132Z", "is_public": true, "sites": [1], "tags": ""}, "model": "photologue.photo"}, {"pk": 40, "fields": {"date_added": "2015-08-27T11:31:25Z", "effect": null, "slug": "westfaalse-klok-lichtbruin", "title": "Westfaalse klok, lichtbruine eiken kast", "caption": "Westfaalse klokkenkop, 18e - 19e eeuw. Volledig gerestaureerd. ", "crop_from": "center", "view_count": 233, "image": "photologue/photos/klokken losse kop.jpg", "date_taken": "2015-08-27T11:31:25.708Z", "is_public": true, "sites": [1], "tags": ""}, "model": "photologue.photo"}, {"pk": 43, "fields": {"date_added": "2015-08-27T11:31:27Z", "effect": null, "slug": "westfaalse-klok-donkerbruin", "title": "Westfaalse klok, donkerbruine eiken kast. ", "caption": "Westfaalse klokkenkop uit 18e - 19e eeuw. Geheel gerestaureerd. Tinnen apliques waaronder engeltjes. ", "crop_from": "center", "view_count": 236, "image": "photologue/photos/klokken rikketik.jpg", "date_taken": "2015-08-27T11:31:27.893Z", "is_public": true, "sites": [1], "tags": ""}, "model": "photologue.photo"}, {"pk": 44, "fields": {"date_added": "2015-08-27T11:50:16Z", "effect": null, "slug": "arita-bord-achterkant", "title": "Arita bord, achterkant", "caption": "", "crop_from": "center", "view_count": 165, "image": "photologue/photos/ceramiek  arita 17e achterkant.JPG", "date_taken": "2015-08-27T11:50:16.198Z", "is_public": true, "sites": [1], "tags": ""}, "model": "photologue.photo"}, {"pk": 45, "fields": {"date_added": "2015-08-27T11:50:16Z", "effect": null, "slug": "arita-bord-17e-eeuw", "title": "Arita bord, 17e eeuw", "caption": "Bloemmotief, achterkant met proenen. ", "crop_from": "center", "view_count": 164, "image": "photologue/photos/ceramiek  arita 17e.JPG", "date_taken": "2015-08-27T11:50:16.477Z", "is_public": true, "sites": [1], "tags": ""}, "model": "photologue.photo"}, {"pk": 46, "fields": {"date_added": "2015-08-27T11:50:16Z", "effect": null, "slug": "blauw-wit-chinees-lekbord-onderkant", "title": "Blauw wit chinees lekbord, onderkant", "caption": "", "crop_from": "center", "view_count": 171, "image": "photologue/photos/ceramiek  chinees lekschaal achterkant.JPG", "date_taken": "2015-08-27T11:50:16.840Z", "is_public": true, "sites": [1], "tags": ""}, "model": "photologue.photo"}, {"pk": 47, "fields": {"date_added": "2015-08-27T11:50:17Z", "effect": null, "slug": "blauw-wit-chinees-lekbord", "title": "Blauw wit chinees lekbord", "caption": "18e eeuw, China. Doorsnede 35,7cm.", "crop_from": "center", "view_count": 176, "image": "photologue/photos/ceramiek  chinees lekschaal.JPG", "date_taken": "2015-08-27T11:50:17.075Z", "is_public": true, "sites": [1], "tags": ""}, "model": "photologue.photo"}, {"pk": 48, "fields": {"date_added": "2015-08-27T11:50:17Z", "effect": null, "slug": "blauw-wit-delfts-lekbord", "title": "Blauw wit delfts lekbord", "caption": "18e eeuw, Nederland. ", "crop_from": "center", "view_count": 151, "image": "photologue/photos/ceramiek  delfts lekbord.JPG", "date_taken": "2015-08-27T11:50:17.434Z", "is_public": true, "sites": [1], "tags": ""}, "model": "photologue.photo"}, {"pk": 49, "fields": {"date_added": "2015-08-27T11:50:17Z", "effect": null, "slug": "delftse-mandoline-achterkant", "title": "Delftse mandoline, achterkant", "caption": "", "crop_from": "center", "view_count": 31, "image": "photologue/photos/ceramiek  delfts mandoline 2.JPG", "date_taken": "2015-08-27T11:50:17.592Z", "is_public": false, "sites": [1], "tags": ""}, "model": "photologue.photo"}, {"pk": 50, "fields": {"date_added": "2015-08-27T11:50:17Z", "effect": null, "slug": "delftse-mandoline", "title": "Delftse mandoline", "caption": "", "crop_from": "center", "view_count": 31, "image": "photologue/photos/ceramiek  delfts mandoline 3.JPG", "date_taken": "2015-08-27T11:50:17.827Z", "is_public": false, "sites": [1], "tags": ""}, "model": "photologue.photo"}, {"pk": 51, "fields": {"date_added": "2015-08-27T11:50:17Z", "effect": null, "slug": "delftse-mandoline-voorkant", "title": "Delftse mandoline, voorkant", "caption": "", "crop_from": "center", "view_count": 30, "image": "photologue/photos/ceramiek  delfts mandoline.JPG", "date_taken": "2015-08-27T11:50:18.001Z", "is_public": false, "sites": [1], "tags": ""}, "model": "photologue.photo"}, {"pk": 52, "fields": {"date_added": "2015-08-27T11:50:18Z", "effect": null, "slug": "samson-kop-en-schotels-gestapeld", "title": "Samson kop en schotels, gestapeld", "caption": "", "crop_from": "center", "view_count": 31, "image": "photologue/photos/ceramiek  samson 1.JPG", "date_taken": "2015-08-27T11:50:18.239Z", "is_public": false, "sites": [1], "tags": ""}, "model": "photologue.photo"}, {"pk": 53, "fields": {"date_added": "2015-08-27T11:50:18Z", "effect": null, "slug": "samson-kop", "title": "Samson kop", "caption": "", "crop_from": "center", "view_count": 35, "image": "photologue/photos/ceramiek  samson 10.JPG", "date_taken": "2015-08-27T11:50:18.732Z", "is_public": false, "sites": [1], "tags": ""}, "model": "photologue.photo"}, {"pk": 54, "fields": {"date_added": "2015-08-27T11:50:19Z", "effect": null, "slug": "samson-schotel", "title": "Samson schotel", "caption": "", "crop_from": "center", "view_count": 35, "image": "photologue/photos/ceramiek  samson 11.JPG", "date_taken": "2015-08-27T11:50:19.229Z", "is_public": false, "sites": [1], "tags": ""}, "model": "photologue.photo"}, {"pk": 55, "fields": {"date_added": "2015-08-27T11:50:19Z", "effect": null, "slug": "samson-kop-en-schotels-overzicht-2", "title": "Samson kop en schotels, overzicht 2", "caption": "", "crop_from": "center", "view_count": 33, "image": "photologue/photos/ceramiek  samson 2.JPG", "date_taken": "2015-08-27T11:50:19.721Z", "is_public": false, "sites": [1], "tags": ""}, "model": "photologue.photo"}, {"pk": 56, "fields": {"date_added": "2015-08-27T11:50:20Z", "effect": null, "slug": "samson-kop-en-schotels-overzicht-3", "title": "Samson kop en schotels, overzicht 3", "caption": "", "crop_from": "center", "view_count": 34, "image": "photologue/photos/ceramiek  samson 3.JPG", "date_taken": "2015-08-27T11:50:20.223Z", "is_public": false, "sites": [1], "tags": ""}, "model": "photologue.photo"}, {"pk": 57, "fields": {"date_added": "2015-08-27T11:50:20Z", "effect": null, "slug": "samson-kop-en-schotels-overzicht-4", "title": "Samson kop en schotels, overzicht 4", "caption": "", "crop_from": "center", "view_count": 34, "image": "photologue/photos/ceramiek  samson 4.JPG", "date_taken": "2015-08-27T11:50:20.727Z", "is_public": false, "sites": [1], "tags": ""}, "model": "photologue.photo"}, {"pk": 58, "fields": {"date_added": "2015-08-27T11:50:21Z", "effect": null, "slug": "samson-kop-en-schotels-achterkant", "title": "Samson kop en schotels, achterkant", "caption": "", "crop_from": "center", "view_count": 166, "image": "photologue/photos/ceramiek  samson 6.JPG", "date_taken": "2015-08-27T11:50:21.232Z", "is_public": true, "sites": [1], "tags": ""}, "model": "photologue.photo"}, {"pk": 59, "fields": {"date_added": "2015-08-27T11:50:21Z", "effect": null, "slug": "samson-kop-en-schotels", "title": "Samson kop en schotels", "caption": "", "crop_from": "center", "view_count": 160, "image": "photologue/photos/ceramiek  samson 7.JPG", "date_taken": "2015-08-27T11:50:21.775Z", "is_public": true, "sites": [1], "tags": ""}, "model": "photologue.photo"}, {"pk": 60, "fields": {"date_added": "2015-08-27T11:50:22Z", "effect": null, "slug": "samson-kop-en-schotels-overzicht-5", "title": "Samson kop en schotels, overzicht 5", "caption": "", "crop_from": "center", "view_count": 34, "image": "photologue/photos/ceramiek  samson 8.JPG", "date_taken": "2015-08-27T11:50:22.323Z", "is_public": false, "sites": [1], "tags": ""}, "model": "photologue.photo"}, {"pk": 61, "fields": {"date_added": "2015-08-27T11:50:22Z", "effect": null, "slug": "samson-kop-en-schotels-overzicht-6", "title": "Samson kop en schotels, overzicht 6", "caption": "", "crop_from": "center", "view_count": 34, "image": "photologue/photos/ceramiek  samson 9.JPG", "date_taken": "2015-08-27T11:50:22.829Z", "is_public": false, "sites": [1], "tags": ""}, "model": "photologue.photo"}, {"pk": 62, "fields": {"date_added": "2015-08-27T11:50:23Z", "effect": null, "slug": "delfts-bord-18e-eeuw", "title": "Delfts bord, 18e eeuw", "caption": "Doorsnede 29,7cm.", "crop_from": "center", "view_count": 159, "image": "photologue/photos/ceramiek delftsbord.jpg", "date_taken": "2015-08-27T11:50:23.336Z", "is_public": true, "sites": [1], "tags": ""}, "model": "photologue.photo"}, {"pk": 63, "fields": {"date_added": "2015-08-27T13:08:45Z", "effect": 1, "slug": "arita-kaststel-driedelig-17e-eeuw", "title": "Arita kaststel, driedelig 17e eeuw", "caption": "", "crop_from": "top", "view_count": 155, "image": "photologue/photos/ceramiek RIMG0077.JPG", "date_taken": "2015-08-27T13:08:45.547Z", "is_public": true, "sites": [1], "tags": ""}, "model": "photologue.photo"}, {"pk": 66, "fields": {"date_added": "2015-08-27T13:08:49Z", "effect": null, "slug": "inkpot-van-geglazuurd-aardewerk", "title": "Inkpot van geglazuurd aardewerk", "caption": "18e - 19e eeuw. ", "crop_from": "top", "view_count": 157, "image": "photologue/photos/ceramiek RIMG0271.JPG", "date_taken": "2015-08-27T13:08:49.658Z", "is_public": true, "sites": [1], "tags": ""}, "model": "photologue.photo"}, {"pk": 69, "fields": {"date_added": "2015-08-27T13:08:50Z", "effect": null, "slug": "inkpot-van-geglazuurd-aardewerk-detail", "title": "Inkpot van geglazuurd aardewerk, detail", "caption": "", "crop_from": "top", "view_count": 164, "image": "photologue/photos/ceramiek RIMG0274.JPG", "date_taken": "2015-08-27T13:08:50.428Z", "is_public": true, "sites": [1], "tags": ""}, "model": "photologue.photo"}, {"pk": 70, "fields": {"date_added": "2015-08-27T13:08:50Z", "effect": null, "slug": "wit-delftse-pispot-frankrijk", "title": "Wit delftse pispot, Frankrijk", "caption": "Pispot, 19e eeuw Frankrijk.", "crop_from": "center", "view_count": 157, "image": "photologue/photos/ceramiek RIMG0295.JPG", "date_taken": "2015-08-27T13:08:50.552Z", "is_public": true, "sites": [1], "tags": ""}, "model": "photologue.photo"}, {"pk": 71, "fields": {"date_added": "2015-08-27T13:08:50Z", "effect": null, "slug": "wit-delftse-pispot-frankrijk-onderkant", "title": "Wit delftse pispot, Frankrijk, onderkant", "caption": "", "crop_from": "center", "view_count": 162, "image": "photologue/photos/ceramiek RIMG0296.JPG", "date_taken": "2015-08-27T13:08:50.946Z", "is_public": true, "sites": [1], "tags": ""}, "model": "photologue.photo"}, {"pk": 74, "fields": {"date_added": "2015-08-27T13:08:51Z", "effect": null, "slug": "wit-delftse-kan-duitsland", "title": "Wit delftse kan, Duitsland", "caption": "18e - 19e eeuw, Duitsland. ", "crop_from": "top", "view_count": 153, "image": "photologue/photos/ceramiek RIMG0299.JPG", "date_taken": "2015-08-27T13:08:51.553Z", "is_public": true, "sites": [1], "tags": ""}, "model": "photologue.photo"}, {"pk": 75, "fields": {"date_added": "2015-08-27T13:08:51Z", "effect": null, "slug": "wit-delftse-kan-duitsland-onderkant", "title": "Wit delftse kan, Duitsland, onderkant", "caption": "", "crop_from": "center", "view_count": 154, "image": "photologue/photos/ceramiek RIMG0300.JPG", "date_taken": "2015-08-27T13:08:51.811Z", "is_public": true, "sites": [1], "tags": ""}, "model": "photologue.photo"}, {"pk": 76, "fields": {"date_added": "2015-08-27T13:08:52Z", "effect": null, "slug": "wit-delftse-kan-duitsland-bovenkant", "title": "Wit delftse kan, Duitsland, bovenkant", "caption": "", "crop_from": "center", "view_count": 155, "image": "photologue/photos/ceramiek RIMG0301.JPG", "date_taken": "2015-08-27T13:08:52.034Z", "is_public": true, "sites": [1], "tags": ""}, "model": "photologue.photo"}, {"pk": 77, "fields": {"date_added": "2015-08-27T13:08:52Z", "effect": null, "slug": "blauw-wit-delfts-lekbord-boven", "title": "Blauw wit delfts lekbord, boven", "caption": "18e eeuw, Nederland. ", "crop_from": "center", "view_count": 46, "image": "photologue/photos/ceramiek RIMG0307.JPG", "date_taken": "2015-08-27T13:08:52.239Z", "is_public": false, "sites": [1], "tags": ""}, "model": "photologue.photo"}, {"pk": 78, "fields": {"date_added": "2015-08-27T13:08:52Z", "effect": null, "slug": "blauw-wit-delfts-lekbord-onderkant", "title": "Blauw wit delfts lekbord, onderkant", "caption": "", "crop_from": "center", "view_count": 161, "image": "photologue/photos/ceramiek RIMG0309.JPG", "date_taken": "2015-08-27T13:08:52.525Z", "is_public": true, "sites": [1], "tags": ""}, "model": "photologue.photo"}, {"pk": 80, "fields": {"date_added": "2015-08-27T13:08:53Z", "effect": null, "slug": "veelkleurige-delftse-kom", "title": "Veelkleurige delftse kom", "caption": "18e eeuw, Nederland. Doorsnede 22cm.", "crop_from": "center", "view_count": 11, "image": "photologue/photos/ceramiek RIMG0311.JPG", "date_taken": "2015-08-27T13:08:53.042Z", "is_public": false, "sites": [1], "tags": ""}, "model": "photologue.photo"}, {"pk": 84, "fields": {"date_added": "2015-08-27T13:08:54Z", "effect": null, "slug": "veelkleurige-delftse-kom-onderkant", "title": "Veelkleurige delftse kom, onderkant", "caption": "", "crop_from": "center", "view_count": 162, "image": "photologue/photos/ceramiek RIMG0315.JPG", "date_taken": "2015-08-27T13:08:54.088Z", "is_public": true, "sites": [1], "tags": ""}, "model": "photologue.photo"}, {"pk": 85, "fields": {"date_added": "2015-08-27T13:08:54Z", "effect": null, "slug": "blauw-wit-chinese-schotel", "title": "Blauw wit chinese schotel", "caption": "18e eeuw, China. Doorsnede 38cm. ", "crop_from": "center", "view_count": 165, "image": "photologue/photos/ceramiek RIMG0320.JPG", "date_taken": "2015-08-27T13:08:54.360Z", "is_public": true, "sites": [1], "tags": ""}, "model": "photologue.photo"}, {"pk": 86, "fields": {"date_added": "2015-08-27T13:08:54Z", "effect": null, "slug": "blauw-wit-chinese-schotel-onderkant", "title": "Blauw wit chinese schotel, onderkant", "caption": "", "crop_from": "center", "view_count": 158, "image": "photologue/photos/ceramiek RIMG0321.JPG", "date_taken": "2015-08-27T13:08:54.627Z", "is_public": true, "sites": [1], "tags": ""}, "model": "photologue.photo"}, {"pk": 90, "fields": {"date_added": "2015-08-27T13:08:56Z", "effect": null, "slug": "schotel-willem-mary-onderkant", "title": "Schotel Willem & Mary, onderkant", "caption": "", "crop_from": "center", "view_count": 166, "image": "photologue/photos/ceramiek W&M achterkant.JPG", "date_taken": "2015-08-27T13:08:56.608Z", "is_public": true, "sites": [1], "tags": ""}, "model": "photologue.photo"}, {"pk": 91, "fields": {"date_added": "2015-08-27T13:08:56Z", "effect": null, "slug": "schotel-willem-mary", "title": "Schotel Willem & Mary", "caption": "Schotel, Delfts aardewerk, eind 17e eeuw. \r\nDoorsnede 34,7cm. Breuk gerestaureerd.", "crop_from": "center", "view_count": 173, "image": "photologue/photos/ceramiek W&M.JPG", "date_taken": "2015-08-27T13:08:56.870Z", "is_public": true, "sites": [1], "tags": ""}, "model": "photologue.photo"}, {"pk": 93, "fields": {"date_added": "2015-08-27T13:08:58Z", "effect": null, "slug": "bord-savona", "title": "Bord, Savona", "caption": "18e eeuw, Savona Italie. Doorsnede 27,3 cm, gebarsten.", "crop_from": "center", "view_count": 161, "image": "photologue/photos/ceramiek savona 1 (2).JPG", "date_taken": "2015-08-27T13:08:58.249Z", "is_public": true, "sites": [1], "tags": ""}, "model": "photologue.photo"}, {"pk": 94, "fields": {"date_added": "2015-08-27T13:08:58Z", "effect": null, "slug": "bord-savona-achterkant", "title": "Bord, Savona, achterkant", "caption": "", "crop_from": "center", "view_count": 165, "image": "photologue/photos/ceramiek savona achtrekant.JPG", "date_taken": "2015-08-27T13:08:58.603Z", "is_public": true, "sites": [1], "tags": ""}, "model": "photologue.photo"}, {"pk": 96, "fields": {"date_added": "2015-08-27T13:08:59Z", "effect": null, "slug": "theebus-delfts", "title": "theebus delfts", "caption": "", "crop_from": "center", "view_count": 34, "image": "photologue/photos/ceramiek theebusje.jpg", "date_taken": "2015-08-27T13:08:59.949Z", "is_public": false, "sites": [1], "tags": ""}, "model": "photologue.photo"}, {"pk": 98, "fields": {"date_added": "2015-08-27T13:59:59Z", "effect": 1, "slug": "wereldbol", "title": "Wereldbol", "caption": "19e eeuw, Duitsland.", "crop_from": "center", "view_count": 172, "image": "photologue/photos/diversen RIMG0071.JPG", "date_taken": "2015-08-27T13:59:59.098Z", "is_public": true, "sites": [1], "tags": ""}, "model": "photologue.photo"}, {"pk": 103, "fields": {"date_added": "2015-08-27T14:00:14Z", "effect": null, "slug": "kruis", "title": "kruis", "caption": "", "crop_from": "top", "view_count": 17, "image": "photologue/photos/diversen RIMG0236.JPG", "date_taken": "2015-08-27T14:00:14.634Z", "is_public": false, "sites": [1], "tags": ""}, "model": "photologue.photo"}, {"pk": 104, "fields": {"date_added": "2015-08-27T14:00:14Z", "effect": null, "slug": "ivoren-jat", "title": "Ivoren jat", "caption": "Jat, ivoor met zilveren handvat. 19e eeuw", "crop_from": "left", "view_count": 173, "image": "photologue/photos/diversen RIMG0240.JPG", "date_taken": "2015-08-27T14:00:14.934Z", "is_public": true, "sites": [1], "tags": ""}, "model": "photologue.photo"}, {"pk": 105, "fields": {"date_added": "2015-08-27T14:00:15Z", "effect": null, "slug": "hazensprong-pijpje", "title": "Hazensprong pijpje", "caption": "Met zilver gemonteerde hazensprong pijpje.", "crop_from": "left", "view_count": 179, "image": "photologue/photos/diversen RIMG0241.JPG", "date_taken": "2015-08-27T14:00:15.037Z", "is_public": true, "sites": [1], "tags": ""}, "model": "photologue.photo"}, {"pk": 106, "fields": {"date_added": "2015-08-27T14:00:15Z", "effect": null, "slug": "ivoren-schildpad-doosje", "title": "Ivoren - schildpad doosje", "caption": "Met aquarel versierd ivoren schildpad doosje. 18e eeuw. Doorsnede 6,3 cm. ", "crop_from": "center", "view_count": 170, "image": "photologue/photos/diversen RIMG0245.JPG", "date_taken": "2015-08-27T14:00:15.148Z", "is_public": true, "sites": [1], "tags": ""}, "model": "photologue.photo"}, {"pk": 107, "fields": {"date_added": "2015-08-27T14:00:15Z", "effect": null, "slug": "ivoren-schildpad-doosje-geopend", "title": "Ivoren - schildpad doosje, geopend", "caption": "", "crop_from": "center", "view_count": 183, "image": "photologue/photos/diversen RIMG0246.JPG", "date_taken": "2015-08-27T14:00:15.269Z", "is_public": true, "sites": [1], "tags": ""}, "model": "photologue.photo"}, {"pk": 108, "fields": {"date_added": "2015-08-27T14:00:15Z", "effect": null, "slug": "houten-beschilderde-apothekers-bus", "title": "Houten beschilderde apothekers bus", "caption": "18e eeuw. Duitsland.", "crop_from": "center", "view_count": 196, "image": "photologue/photos/diversen RIMG0253.JPG", "date_taken": "2015-08-27T14:00:15.400Z", "is_public": true, "sites": [1], "tags": ""}, "model": "photologue.photo"}, {"pk": 110, "fields": {"date_added": "2015-08-27T14:00:15Z", "effect": null, "slug": "ivoren-netsukes", "title": "Ivoren netsukes", "caption": "Japan 19e eeeuw.", "crop_from": "center", "view_count": 198, "image": "photologue/photos/diversen RIMG0340.JPG", "date_taken": "2015-08-27T14:00:15.705Z", "is_public": true, "sites": [1], "tags": ""}, "model": "photologue.photo"}, {"pk": 111, "fields": {"date_added": "2015-08-27T14:00:15Z", "effect": null, "slug": "ivoren-netsukes-achterkant", "title": "Ivoren netsukes, achterkant", "caption": "", "crop_from": "center", "view_count": 188, "image": "photologue/photos/diversen RIMG0341.JPG", "date_taken": "2015-08-27T14:00:15.839Z", "is_public": true, "sites": [1], "tags": ""}, "model": "photologue.photo"}, {"pk": 112, "fields": {"date_added": "2015-08-27T14:00:15Z", "effect": null, "slug": "ivoren-netsukes-onderkant", "title": "Ivoren netsukes, onderkant", "caption": "", "crop_from": "center", "view_count": 193, "image": "photologue/photos/diversen RIMG0342.JPG", "date_taken": "2015-08-27T14:00:15.959Z", "is_public": true, "sites": [1], "tags": ""}, "model": "photologue.photo"}, {"pk": 113, "fields": {"date_added": "2015-08-27T14:00:16Z", "effect": null, "slug": "houten-tondeldoos", "title": "Houten tondeldoos", "caption": "!9e eeuw, Nederland. \r\nIn de vorm van een tonnetje.", "crop_from": "center", "view_count": 199, "image": "photologue/photos/diversen RIMG0343.JPG", "date_taken": "2015-08-27T14:00:16.084Z", "is_public": true, "sites": [1], "tags": ""}, "model": "photologue.photo"}, {"pk": 114, "fields": {"date_added": "2015-08-27T14:00:16Z", "effect": null, "slug": "houten-tondeldoos-geopend", "title": "Houten tondeldoos, geopend", "caption": "", "crop_from": "center", "view_count": 191, "image": "photologue/photos/diversen RIMG0344.JPG", "date_taken": "2015-08-27T14:00:16.299Z", "is_public": true, "sites": [1], "tags": ""}, "model": "photologue.photo"}, {"pk": 116, "fields": {"date_added": "2015-08-27T14:00:16Z", "effect": null, "slug": "leren-etui-met-zilveren-montuur", "title": "Leren etui met zilveren montuur", "caption": "Nederland, 19e eeuw.", "crop_from": "right", "view_count": 188, "image": "photologue/photos/diversen RIMG0351.JPG", "date_taken": "2015-08-27T14:00:16.679Z", "is_public": true, "sites": [1], "tags": ""}, "model": "photologue.photo"}, {"pk": 118, "fields": {"date_added": "2015-08-27T14:34:47Z", "effect": null, "slug": "pieter-klok", "title": "Pieter klok", "caption": "Staande klok, eiken wortelnoten gefineerd. Omstreeks 1710 vervaardigd door Pieter Klok. ", "crop_from": "top", "view_count": 225, "image": "photologue/photos/pieter klock geheel.jpg", "date_taken": "2015-08-27T14:39:02.860Z", "is_public": true, "sites": [1], "tags": ""}, "model": "photologue.photo"}, {"pk": 119, "fields": {"date_added": "2015-08-27T14:43:16Z", "effect": null, "slug": "pieter-klok-detail", "title": "Pieter klok detail", "caption": "", "crop_from": "center", "view_count": 241, "image": "photologue/photos/klokken RIMG0073.JPG", "date_taken": "2015-08-27T14:47:29.019Z", "is_public": true, "sites": [1], "tags": ""}, "model": "photologue.photo"}, {"pk": 1, "fields": {"sharpness": 1.0, "background_color": "#FFFFFF", "color": 1.0, "transpose_method": "ROTATE_270", "filters": "", "brightness": 1.0, "reflection_strength": 0.6, "contrast": 1.0, "description": "", "reflection_size": 0.0, "name": "roteer rechtsom"}, "model": "photologue.photoeffect"}, {"pk": 2, "fields": {"sharpness": 1.0, "background_color": "#FFFFFF", "color": 1.0, "transpose_method": "ROTATE_90", "filters": "", "brightness": 1.0, "reflection_strength": 0.6, "contrast": 1.0, "description": "", "reflection_size": 0.0, "name": "roteer linksom"}, "model": "photologue.photoeffect"}, {"pk": 1, "fields": {"crop": true, "watermark": null, "height": 75, "pre_cache": true, "name": "admin_thumbnail", "increment_count": true, "upscale": false, "quality": 70, "width": 100, "effect": null}, "model": "photologue.photosize"}, {"pk": 2, "fields": {"crop": true, "watermark": null, "height": 75, "pre_cache": true, "name": "thumbnail", "increment_count": true, "upscale": false, "quality": 70, "width": 100, "effect": null}, "model": "photologue.photosize"}, {"pk": 3, "fields": {"crop": false, "watermark": null, "height": 0, "pre_cache": true, "name": "display", "increment_count": true, "upscale": false, "quality": 70, "width": 400, "effect": null}, "model": "photologue.photosize"}, {"pk": 1, "fields": {"content_type": 1, "codename": "add_logentry", "name": "Can add log entry"}, "model": "auth.permission"}, {"pk": 2, "fields": {"content_type": 1, "codename": "change_logentry", "name": "Can change log entry"}, "model": "auth.permission"}, {"pk": 3, "fields": {"content_type": 1, "codename": "delete_logentry", "name": "Can delete log entry"}, "model": "auth.permission"}, {"pk": 4, "fields": {"content_type": 2, "codename": "add_permission", "name": "Can add permission"}, "model": "auth.permission"}, {"pk": 5, "fields": {"content_type": 2, "codename": "change_permission", "name": "Can change permission"}, "model": "auth.permission"}, {"pk": 6, "fields": {"content_type": 2, "codename": "delete_permission", "name": "Can delete permission"}, "model": "auth.permission"}, {"pk": 7, "fields": {"content_type": 3, "codename": "add_group", "name": "Can add group"}, "model": "auth.permission"}, {"pk": 8, "fields": {"content_type": 3, "codename": "change_group", "name": "Can change group"}, "model": "auth.permission"}, {"pk": 9, "fields": {"content_type": 3, "codename": "delete_group", "name": "Can delete group"}, "model": "auth.permission"}, {"pk": 10, "fields": {"content_type": 4, "codename": "add_user", "name": "Can add user"}, "model": "auth.permission"}, {"pk": 11, "fields": {"content_type": 4, "codename": "change_user", "name": "Can change user"}, "model": "auth.permission"}, {"pk": 12, "fields": {"content_type": 4, "codename": "delete_user", "name": "Can delete user"}, "model": "auth.permission"}, {"pk": 13, "fields": {"content_type": 5, "codename": "add_contenttype", "name": "Can add content type"}, "model": "auth.permission"}, {"pk": 14, "fields": {"content_type": 5, "codename": "change_contenttype", "name": "Can change content type"}, "model": "auth.permission"}, {"pk": 15, "fields": {"content_type": 5, "codename": "delete_contenttype", "name": "Can delete content type"}, "model": "auth.permission"}, {"pk": 16, "fields": {"content_type": 6, "codename": "add_session", "name": "Can add session"}, "model": "auth.permission"}, {"pk": 17, "fields": {"content_type": 6, "codename": "change_session", "name": "Can change session"}, "model": "auth.permission"}, {"pk": 18, "fields": {"content_type": 6, "codename": "delete_session", "name": "Can delete session"}, "model": "auth.permission"}, {"pk": 19, "fields": {"content_type": 7, "codename": "add_site", "name": "Can add site"}, "model": "auth.permission"}, {"pk": 20, "fields": {"content_type": 7, "codename": "change_site", "name": "Can change site"}, "model": "auth.permission"}, {"pk": 21, "fields": {"content_type": 7, "codename": "delete_site", "name": "Can delete site"}, "model": "auth.permission"}, {"pk": 22, "fields": {"content_type": 8, "codename": "add_gallery", "name": "Can add gallery"}, "model": "auth.permission"}, {"pk": 23, "fields": {"content_type": 8, "codename": "change_gallery", "name": "Can change gallery"}, "model": "auth.permission"}, {"pk": 24, "fields": {"content_type": 8, "codename": "delete_gallery", "name": "Can delete gallery"}, "model": "auth.permission"}, {"pk": 25, "fields": {"content_type": 9, "codename": "add_photo", "name": "Can add photo"}, "model": "auth.permission"}, {"pk": 26, "fields": {"content_type": 9, "codename": "change_photo", "name": "Can change photo"}, "model": "auth.permission"}, {"pk": 27, "fields": {"content_type": 9, "codename": "delete_photo", "name": "Can delete photo"}, "model": "auth.permission"}, {"pk": 28, "fields": {"content_type": 10, "codename": "add_photoeffect", "name": "Can add photo effect"}, "model": "auth.permission"}, {"pk": 29, "fields": {"content_type": 10, "codename": "change_photoeffect", "name": "Can change photo effect"}, "model": "auth.permission"}, {"pk": 30, "fields": {"content_type": 10, "codename": "delete_photoeffect", "name": "Can delete photo effect"}, "model": "auth.permission"}, {"pk": 31, "fields": {"content_type": 11, "codename": "add_watermark", "name": "Can add watermark"}, "model": "auth.permission"}, {"pk": 32, "fields": {"content_type": 11, "codename": "change_watermark", "name": "Can change watermark"}, "model": "auth.permission"}, {"pk": 33, "fields": {"content_type": 11, "codename": "delete_watermark", "name": "Can delete watermark"}, "model": "auth.permission"}, {"pk": 34, "fields": {"content_type": 12, "codename": "add_photosize", "name": "Can add photo size"}, "model": "auth.permission"}, {"pk": 35, "fields": {"content_type": 12, "codename": "change_photosize", "name": "Can change photo size"}, "model": "auth.permission"}, {"pk": 36, "fields": {"content_type": 12, "codename": "delete_photosize", "name": "Can delete photo size"}, "model": "auth.permission"}, {"pk": 1, "fields": {"is_superuser": true, "first_name": "", "email": "reint@behoudenvan.nl", "last_login": "2015-08-27T14:13:35.100Z", "last_name": "", "user_permissions": [], "is_staff": true, "groups": [], "password": "pbkdf2_sha256$12000$hyAddtTVshpt$9s9NTVwxtIQ0OsH8KaDeX9tx9jvVzwaTDiymHwRpKuU=", "is_active": true, "date_joined": "2015-01-08T15:24:51.504Z", "username": "cccplex"}, "model": "auth.user"}, {"pk": 1, "fields": {"content_type": 8, "action_flag": 1, "object_repr": "ceramiek", "action_time": "2015-01-08T15:25:56.439Z", "user": 1, "change_message": "", "object_id": "1"}, "model": "admin.logentry"}, {"pk": 2, "fields": {"content_type": 9, "action_flag": 1, "object_repr": "Delfts blauw bord", "action_time": "2015-01-08T15:26:59.582Z", "user": 1, "change_message": "", "object_id": "1"}, "model": "admin.logentry"}, {"pk": 3, "fields": {"content_type": 9, "action_flag": 1, "object_repr": "Kan en Bord", "action_time": "2015-01-08T15:27:39.420Z", "user": 1, "change_message": "", "object_id": "2"}, "model": "admin.logentry"}, {"pk": 4, "fields": {"content_type": 8, "action_flag": 2, "object_repr": "ceramiek", "action_time": "2015-01-08T15:28:41.864Z", "user": 1, "change_message": "Changed photos.", "object_id": "1"}, "model": "admin.logentry"}, {"pk": 5, "fields": {"content_type": 8, "action_flag": 2, "object_repr": "ceramiek", "action_time": "2015-01-08T15:29:00.947Z", "user": 1, "change_message": "No fields changed.", "object_id": "1"}, "model": "admin.logentry"}, {"pk": 6, "fields": {"content_type": 7, "action_flag": 1, "object_repr": "http://127.0.0.1:8000", "action_time": "2015-01-08T15:31:37.249Z", "user": 1, "change_message": "", "object_id": "2"}, "model": "admin.logentry"}, {"pk": 7, "fields": {"content_type": 7, "action_flag": 3, "object_repr": "http://127.0.0.1:8000", "action_time": "2015-01-08T16:24:24.375Z", "user": 1, "change_message": "", "object_id": "2"}, "model": "admin.logentry"}, {"pk": 8, "fields": {"content_type": 8, "action_flag": 1, "object_repr": "Houtsnijwerk", "action_time": "2015-01-13T15:17:26.812Z", "user": 1, "change_message": "", "object_id": "2"}, "model": "admin.logentry"}, {"pk": 9, "fields": {"content_type": 8, "action_flag": 1, "object_repr": "Messing - Brons", "action_time": "2015-01-13T15:18:22.715Z", "user": 1, "change_message": "", "object_id": "3"}, "model": "admin.logentry"}, {"pk": 10, "fields": {"content_type": 8, "action_flag": 1, "object_repr": "Tin", "action_time": "2015-01-13T15:19:36.194Z", "user": 1, "change_message": "", "object_id": "4"}, "model": "admin.logentry"}, {"pk": 11, "fields": {"content_type": 8, "action_flag": 1, "object_repr": "Zilver", "action_time": "2015-01-13T15:19:58.557Z", "user": 1, "change_message": "", "object_id": "5"}, "model": "admin.logentry"}, {"pk": 12, "fields": {"content_type": 9, "action_flag": 1, "object_repr": "Model Koets", "action_time": "2015-01-13T15:21:18.350Z", "user": 1, "change_message": "", "object_id": "3"}, "model": "admin.logentry"}, {"pk": 13, "fields": {"content_type": 9, "action_flag": 1, "object_repr": "Hoekkast", "action_time": "2015-01-13T15:21:30.778Z", "user": 1, "change_message": "", "object_id": "4"}, "model": "admin.logentry"}, {"pk": 14, "fields": {"content_type": 9, "action_flag": 1, "object_repr": "Cirkelkruis", "action_time": "2015-01-13T15:22:06.166Z", "user": 1, "change_message": "", "object_id": "5"}, "model": "admin.logentry"}, {"pk": 15, "fields": {"content_type": 9, "action_flag": 1, "object_repr": "Maria en kind", "action_time": "2015-01-13T15:22:36.761Z", "user": 1, "change_message": "", "object_id": "6"}, "model": "admin.logentry"}, {"pk": 16, "fields": {"content_type": 9, "action_flag": 1, "object_repr": "Kroon", "action_time": "2015-01-13T15:23:05.453Z", "user": 1, "change_message": "", "object_id": "7"}, "model": "admin.logentry"}, {"pk": 17, "fields": {"content_type": 8, "action_flag": 2, "object_repr": "Messing - Brons", "action_time": "2015-01-13T15:29:04.796Z", "user": 1, "change_message": "photos gewijzigd.", "object_id": "3"}, "model": "admin.logentry"}, {"pk": 18, "fields": {"content_type": 8, "action_flag": 2, "object_repr": "Houtsnijwerk", "action_time": "2015-01-13T15:29:33.594Z", "user": 1, "change_message": "photos gewijzigd.", "object_id": "2"}, "model": "admin.logentry"}, {"pk": 19, "fields": {"content_type": 7, "action_flag": 2, "object_repr": "henkkamp.net", "action_time": "2015-01-13T18:20:23.450Z", "user": 1, "change_message": "domain en name gewijzigd.", "object_id": "1"}, "model": "admin.logentry"}, {"pk": 20, "fields": {"content_type": 10, "action_flag": 1, "object_repr": "roteer rechtsom", "action_time": "2015-01-20T12:48:30.162Z", "user": 1, "change_message": "", "object_id": "1"}, "model": "admin.logentry"}, {"pk": 21, "fields": {"content_type": 10, "action_flag": 1, "object_repr": "roteer linksom", "action_time": "2015-01-20T12:49:00.187Z", "user": 1, "change_message": "", "object_id": "2"}, "model": "admin.logentry"}, {"pk": 22, "fields": {"content_type": 8, "action_flag": 2, "object_repr": "ceramiek", "action_time": "2015-01-20T14:08:49.522Z", "user": 1, "change_message": "description en photos gewijzigd.", "object_id": "1"}, "model": "admin.logentry"}, {"pk": 23, "fields": {"content_type": 9, "action_flag": 1, "object_repr": "Tafel met stoelen", "action_time": "2015-01-20T14:12:47.434Z", "user": 1, "change_message": "", "object_id": "8"}, "model": "admin.logentry"}, {"pk": 24, "fields": {"content_type": 8, "action_flag": 1, "object_repr": "Meubelen", "action_time": "2015-01-20T14:16:12.619Z", "user": 1, "change_message": "", "object_id": "6"}, "model": "admin.logentry"}, {"pk": 25, "fields": {"content_type": 8, "action_flag": 2, "object_repr": "Meubels", "action_time": "2015-01-20T14:16:46.597Z", "user": 1, "change_message": "title, slug, description en photos gewijzigd.", "object_id": "6"}, "model": "admin.logentry"}, {"pk": 26, "fields": {"content_type": 9, "action_flag": 1, "object_repr": "Delftse pot", "action_time": "2015-01-23T13:45:04.245Z", "user": 1, "change_message": "", "object_id": "9"}, "model": "admin.logentry"}, {"pk": 27, "fields": {"content_type": 8, "action_flag": 2, "object_repr": "ceramiek", "action_time": "2015-01-23T13:45:23.600Z", "user": 1, "change_message": "photos gewijzigd.", "object_id": "1"}, "model": "admin.logentry"}, {"pk": 28, "fields": {"content_type": 8, "action_flag": 2, "object_repr": "Ceramiek", "action_time": "2015-04-29T15:07:56.508Z", "user": 1, "change_message": "title en photos gewijzigd.", "object_id": "1"}, "model": "admin.logentry"}, {"pk": 29, "fields": {"content_type": 8, "action_flag": 2, "object_repr": "Meubels", "action_time": "2015-04-29T15:08:28.016Z", "user": 1, "change_message": "photos gewijzigd.", "object_id": "6"}, "model": "admin.logentry"}, {"pk": 30, "fields": {"content_type": 8, "action_flag": 3, "object_repr": "Meubels", "action_time": "2015-04-29T15:08:38.509Z", "user": 1, "change_message": "", "object_id": "6"}, "model": "admin.logentry"}, {"pk": 31, "fields": {"content_type": 9, "action_flag": 3, "object_repr": "Delftse pot", "action_time": "2015-05-13T14:25:17.456Z", "user": 1, "change_message": "", "object_id": "9"}, "model": "admin.logentry"}, {"pk": 32, "fields": {"content_type": 9, "action_flag": 3, "object_repr": "Tafel met stoelen", "action_time": "2015-05-13T14:25:17.460Z", "user": 1, "change_message": "", "object_id": "8"}, "model": "admin.logentry"}, {"pk": 33, "fields": {"content_type": 9, "action_flag": 3, "object_repr": "Kroon", "action_time": "2015-05-13T14:25:17.464Z", "user": 1, "change_message": "", "object_id": "7"}, "model": "admin.logentry"}, {"pk": 34, "fields": {"content_type": 9, "action_flag": 3, "object_repr": "Maria en kind", "action_time": "2015-05-13T14:25:17.467Z", "user": 1, "change_message": "", "object_id": "6"}, "model": "admin.logentry"}, {"pk": 35, "fields": {"content_type": 9, "action_flag": 3, "object_repr": "Cirkelkruis", "action_time": "2015-05-13T14:25:17.471Z", "user": 1, "change_message": "", "object_id": "5"}, "model": "admin.logentry"}, {"pk": 36, "fields": {"content_type": 9, "action_flag": 3, "object_repr": "Hoekkast", "action_time": "2015-05-13T14:25:17.476Z", "user": 1, "change_message": "", "object_id": "4"}, "model": "admin.logentry"}, {"pk": 37, "fields": {"content_type": 9, "action_flag": 3, "object_repr": "Model Koets", "action_time": "2015-05-13T14:25:17.479Z", "user": 1, "change_message": "", "object_id": "3"}, "model": "admin.logentry"}, {"pk": 38, "fields": {"content_type": 9, "action_flag": 3, "object_repr": "Kan en Bord", "action_time": "2015-05-13T14:25:17.483Z", "user": 1, "change_message": "", "object_id": "2"}, "model": "admin.logentry"}, {"pk": 39, "fields": {"content_type": 9, "action_flag": 3, "object_repr": "Delfts blauw bord", "action_time": "2015-05-13T14:25:17.489Z", "user": 1, "change_message": "", "object_id": "1"}, "model": "admin.logentry"}, {"pk": 40, "fields": {"content_type": 8, "action_flag": 2, "object_repr": "Ceramiek", "action_time": "2015-05-13T14:28:02.654Z", "user": 1, "change_message": "description gewijzigd.", "object_id": "1"}, "model": "admin.logentry"}, {"pk": 41, "fields": {"content_type": 8, "action_flag": 2, "object_repr": "Houtsnijwerk", "action_time": "2015-05-13T14:28:49.438Z", "user": 1, "change_message": "description gewijzigd.", "object_id": "2"}, "model": "admin.logentry"}, {"pk": 42, "fields": {"content_type": 8, "action_flag": 2, "object_repr": "Messing - Brons", "action_time": "2015-05-13T14:29:40.027Z", "user": 1, "change_message": "description gewijzigd.", "object_id": "3"}, "model": "admin.logentry"}, {"pk": 43, "fields": {"content_type": 8, "action_flag": 2, "object_repr": "Tin", "action_time": "2015-05-13T14:42:24.943Z", "user": 1, "change_message": "description gewijzigd.", "object_id": "4"}, "model": "admin.logentry"}, {"pk": 44, "fields": {"content_type": 8, "action_flag": 2, "object_repr": "Zilver", "action_time": "2015-05-13T14:45:22.901Z", "user": 1, "change_message": "description gewijzigd.", "object_id": "5"}, "model": "admin.logentry"}, {"pk": 45, "fields": {"content_type": 9, "action_flag": 1, "object_repr": "Wijnkelderkandelaar", "action_time": "2015-05-13T15:03:36.994Z", "user": 1, "change_message": "", "object_id": "10"}, "model": "admin.logentry"}, {"pk": 46, "fields": {"content_type": 9, "action_flag": 1, "object_repr": "Chinese vaasjes", "action_time": "2015-05-13T15:04:15.598Z", "user": 1, "change_message": "", "object_id": "11"}, "model": "admin.logentry"}, {"pk": 47, "fields": {"content_type": 9, "action_flag": 1, "object_repr": "Delftse vaas, 17e eeuw", "action_time": "2015-05-13T15:05:25.829Z", "user": 1, "change_message": "", "object_id": "12"}, "model": "admin.logentry"}, {"pk": 48, "fields": {"content_type": 9, "action_flag": 1, "object_repr": "Delftse schotel, Willem & Mary", "action_time": "2015-05-13T15:06:32.977Z", "user": 1, "change_message": "", "object_id": "13"}, "model": "admin.logentry"}, {"pk": 49, "fields": {"content_type": 9, "action_flag": 1, "object_repr": "Delftse schotel, bloemenvaas", "action_time": "2015-05-13T15:07:09.451Z", "user": 1, "change_message": "", "object_id": "14"}, "model": "admin.logentry"}, {"pk": 50, "fields": {"content_type": 9, "action_flag": 1, "object_repr": "Delftse schotel, bloemen", "action_time": "2015-05-13T15:07:57.697Z", "user": 1, "change_message": "", "object_id": "15"}, "model": "admin.logentry"}, {"pk": 51, "fields": {"content_type": 9, "action_flag": 1, "object_repr": "Delftse Scheerschotel", "action_time": "2015-05-13T15:08:17.141Z", "user": 1, "change_message": "", "object_id": "16"}, "model": "admin.logentry"}, {"pk": 52, "fields": {"content_type": 9, "action_flag": 1, "object_repr": "Zilveren rammelaar", "action_time": "2015-05-13T15:08:57.425Z", "user": 1, "change_message": "", "object_id": "17"}, "model": "admin.logentry"}, {"pk": 53, "fields": {"content_type": 9, "action_flag": 1, "object_repr": "Olielamp", "action_time": "2015-05-13T15:09:27.560Z", "user": 1, "change_message": "", "object_id": "18"}, "model": "admin.logentry"}, {"pk": 54, "fields": {"content_type": 9, "action_flag": 2, "object_repr": "Olielamp", "action_time": "2015-05-13T15:09:33.067Z", "user": 1, "change_message": "Geen velden gewijzigd.", "object_id": "18"}, "model": "admin.logentry"}, {"pk": 55, "fields": {"content_type": 9, "action_flag": 1, "object_repr": "Zilveren kandelaar", "action_time": "2015-05-13T15:09:56.376Z", "user": 1, "change_message": "", "object_id": "19"}, "model": "admin.logentry"}, {"pk": 56, "fields": {"content_type": 9, "action_flag": 1, "object_repr": "De Wachter.", "action_time": "2015-05-13T15:10:22.954Z", "user": 1, "change_message": "", "object_id": "20"}, "model": "admin.logentry"}, {"pk": 57, "fields": {"content_type": 9, "action_flag": 1, "object_repr": "Engelenkop detail", "action_time": "2015-05-13T15:11:45.519Z", "user": 1, "change_message": "", "object_id": "21"}, "model": "admin.logentry"}, {"pk": 58, "fields": {"content_type": 9, "action_flag": 1, "object_repr": "Engelenkop", "action_time": "2015-05-13T15:12:15.128Z", "user": 1, "change_message": "", "object_id": "22"}, "model": "admin.logentry"}, {"pk": 59, "fields": {"content_type": 9, "action_flag": 1, "object_repr": "Chanouka, Judaica, Nederlands.", "action_time": "2015-05-13T15:12:54.362Z", "user": 1, "change_message": "", "object_id": "23"}, "model": "admin.logentry"}, {"pk": 60, "fields": {"content_type": 9, "action_flag": 1, "object_repr": "Bord, reli\u00ebf tin", "action_time": "2015-05-13T15:13:22.314Z", "user": 1, "change_message": "", "object_id": "24"}, "model": "admin.logentry"}, {"pk": 61, "fields": {"content_type": 9, "action_flag": 1, "object_repr": "Delfts bordje", "action_time": "2015-05-13T15:13:59.333Z", "user": 1, "change_message": "", "object_id": "25"}, "model": "admin.logentry"}, {"pk": 62, "fields": {"content_type": 9, "action_flag": 1, "object_repr": "Delfts bordje, bloemenvaas.", "action_time": "2015-05-13T15:14:56.276Z", "user": 1, "change_message": "", "object_id": "26"}, "model": "admin.logentry"}, {"pk": 63, "fields": {"content_type": 9, "action_flag": 1, "object_repr": "Delfts bordje, boeren landschap", "action_time": "2015-05-13T15:15:31.627Z", "user": 1, "change_message": "", "object_id": "27"}, "model": "admin.logentry"}, {"pk": 64, "fields": {"content_type": 9, "action_flag": 1, "object_repr": "Delfts bordje, bloemen", "action_time": "2015-05-13T15:16:39.164Z", "user": 1, "change_message": "", "object_id": "28"}, "model": "admin.logentry"}, {"pk": 65, "fields": {"content_type": 9, "action_flag": 2, "object_repr": "Delfts bordje, vaas", "action_time": "2015-05-13T15:18:26.963Z", "user": 1, "change_message": "title gewijzigd.", "object_id": "25"}, "model": "admin.logentry"}, {"pk": 66, "fields": {"content_type": 9, "action_flag": 2, "object_repr": "Delfts bordje, bloemenvaas met rood", "action_time": "2015-05-13T15:19:28.528Z", "user": 1, "change_message": "title gewijzigd.", "object_id": "26"}, "model": "admin.logentry"}, {"pk": 67, "fields": {"content_type": 9, "action_flag": 2, "object_repr": "Delfts bordje, bloemenvaas met gele ring.", "action_time": "2015-05-13T15:20:17.016Z", "user": 1, "change_message": "title gewijzigd.", "object_id": "26"}, "model": "admin.logentry"}, {"pk": 68, "fields": {"content_type": 9, "action_flag": 2, "object_repr": "Delfts bordje, bloemenvaas", "action_time": "2015-05-13T15:20:42.587Z", "user": 1, "change_message": "title gewijzigd.", "object_id": "25"}, "model": "admin.logentry"}, {"pk": 69, "fields": {"content_type": 9, "action_flag": 2, "object_repr": "Delfts bordje, bloemenvaas met gele ring", "action_time": "2015-05-13T15:20:54.149Z", "user": 1, "change_message": "title gewijzigd.", "object_id": "26"}, "model": "admin.logentry"}, {"pk": 70, "fields": {"content_type": 9, "action_flag": 2, "object_repr": "Chanouka, Judaica, Nederlands", "action_time": "2015-05-13T15:21:04.430Z", "user": 1, "change_message": "title gewijzigd.", "object_id": "23"}, "model": "admin.logentry"}, {"pk": 71, "fields": {"content_type": 8, "action_flag": 2, "object_repr": "Zilver", "action_time": "2015-05-13T15:21:37.209Z", "user": 1, "change_message": "photos gewijzigd.", "object_id": "5"}, "model": "admin.logentry"}, {"pk": 72, "fields": {"content_type": 8, "action_flag": 2, "object_repr": "Tin", "action_time": "2015-05-13T15:21:58.099Z", "user": 1, "change_message": "photos gewijzigd.", "object_id": "4"}, "model": "admin.logentry"}, {"pk": 73, "fields": {"content_type": 8, "action_flag": 2, "object_repr": "Messing - Brons", "action_time": "2015-05-13T15:22:19.737Z", "user": 1, "change_message": "photos gewijzigd.", "object_id": "3"}, "model": "admin.logentry"}, {"pk": 74, "fields": {"content_type": 8, "action_flag": 2, "object_repr": "Houtsnijwerk", "action_time": "2015-05-13T15:22:41.013Z", "user": 1, "change_message": "photos gewijzigd.", "object_id": "2"}, "model": "admin.logentry"}, {"pk": 75, "fields": {"content_type": 8, "action_flag": 2, "object_repr": "Messing - Brons", "action_time": "2015-05-13T15:22:47.938Z", "user": 1, "change_message": "Geen velden gewijzigd.", "object_id": "3"}, "model": "admin.logentry"}, {"pk": 76, "fields": {"content_type": 8, "action_flag": 2, "object_repr": "Ceramiek", "action_time": "2015-05-13T15:23:10.835Z", "user": 1, "change_message": "photos gewijzigd.", "object_id": "1"}, "model": "admin.logentry"}, {"pk": 77, "fields": {"content_type": 8, "action_flag": 2, "object_repr": "Zilver", "action_time": "2015-05-28T14:09:20.951Z", "user": 1, "change_message": "photos gewijzigd.", "object_id": "5"}, "model": "admin.logentry"}, {"pk": 78, "fields": {"content_type": 8, "action_flag": 2, "object_repr": "Tin", "action_time": "2015-05-28T14:10:39.757Z", "user": 1, "change_message": "photos gewijzigd.", "object_id": "4"}, "model": "admin.logentry"}, {"pk": 79, "fields": {"content_type": 8, "action_flag": 2, "object_repr": "Messing - Brons", "action_time": "2015-05-28T14:11:23.896Z", "user": 1, "change_message": "photos gewijzigd.", "object_id": "3"}, "model": "admin.logentry"}, {"pk": 80, "fields": {"content_type": 8, "action_flag": 2, "object_repr": "Ceramiek", "action_time": "2015-05-28T14:12:43.902Z", "user": 1, "change_message": "photos gewijzigd.", "object_id": "1"}, "model": "admin.logentry"}, {"pk": 81, "fields": {"content_type": 8, "action_flag": 2, "object_repr": "Ceramiek", "action_time": "2015-05-28T14:14:15.961Z", "user": 1, "change_message": "photos gewijzigd.", "object_id": "1"}, "model": "admin.logentry"}, {"pk": 82, "fields": {"content_type": 8, "action_flag": 2, "object_repr": "Ceramiek", "action_time": "2015-05-28T14:15:34.921Z", "user": 1, "change_message": "photos gewijzigd.", "object_id": "1"}, "model": "admin.logentry"}, {"pk": 83, "fields": {"content_type": 9, "action_flag": 1, "object_repr": "Stel 18e eeuwse theebusjes ", "action_time": "2015-05-28T14:36:18.798Z", "user": 1, "change_message": "", "object_id": "29"}, "model": "admin.logentry"}, {"pk": 84, "fields": {"content_type": 8, "action_flag": 2, "object_repr": "Tin", "action_time": "2015-05-28T14:37:07.089Z", "user": 1, "change_message": "photos gewijzigd.", "object_id": "4"}, "model": "admin.logentry"}, {"pk": 85, "fields": {"content_type": 9, "action_flag": 1, "object_repr": "cabaret 18e eeuw", "action_time": "2015-07-07T13:06:51.297Z", "user": 1, "change_message": "", "object_id": "30"}, "model": "admin.logentry"}, {"pk": 86, "fields": {"content_type": 9, "action_flag": 1, "object_repr": "kandelaar 17e 18e eeuw", "action_time": "2015-07-07T13:08:31.145Z", "user": 1, "change_message": "", "object_id": "31"}, "model": "admin.logentry"}, {"pk": 87, "fields": {"content_type": 9, "action_flag": 1, "object_repr": "Johann Daniel Herz: Jerusalem", "action_time": "2015-07-07T13:11:58.762Z", "user": 1, "change_message": "", "object_id": "32"}, "model": "admin.logentry"}, {"pk": 88, "fields": {"content_type": 9, "action_flag": 1, "object_repr": "Kardinaalschotel 17e eeuw Parijs", "action_time": "2015-07-07T13:21:30.419Z", "user": 1, "change_message": "", "object_id": "33"}, "model": "admin.logentry"}, {"pk": 89, "fields": {"content_type": 8, "action_flag": 1, "object_repr": "Kaarten en Prenten", "action_time": "2015-07-07T13:26:57.193Z", "user": 1, "change_message": "", "object_id": "7"}, "model": "admin.logentry"}, {"pk": 90, "fields": {"content_type": 8, "action_flag": 2, "object_repr": "Kaarten en Prenten", "action_time": "2015-07-07T13:27:34.289Z", "user": 1, "change_message": "photos gewijzigd.", "object_id": "7"}, "model": "admin.logentry"}, {"pk": 91, "fields": {"content_type": 8, "action_flag": 2, "object_repr": "Tin", "action_time": "2015-07-07T13:28:24.438Z", "user": 1, "change_message": "photos gewijzigd.", "object_id": "4"}, "model": "admin.logentry"}, {"pk": 92, "fields": {"content_type": 8, "action_flag": 2, "object_repr": "Messing - Brons", "action_time": "2015-07-07T13:29:19.227Z", "user": 1, "change_message": "photos gewijzigd.", "object_id": "3"}, "model": "admin.logentry"}, {"pk": 93, "fields": {"content_type": 9, "action_flag": 1, "object_repr": "vogelkooij", "action_time": "2015-07-08T12:47:38.495Z", "user": 1, "change_message": "", "object_id": "34"}, "model": "admin.logentry"}, {"pk": 94, "fields": {"content_type": 9, "action_flag": 2, "object_repr": "vogelkooij", "action_time": "2015-07-08T12:47:50.518Z", "user": 1, "change_message": "is_public gewijzigd.", "object_id": "34"}, "model": "admin.logentry"}, {"pk": 95, "fields": {"content_type": 8, "action_flag": 3, "object_repr": "woensdag", "action_time": "2015-07-08T14:52:11.892Z", "user": 1, "change_message": "", "object_id": "8"}, "model": "admin.logentry"}, {"pk": 96, "fields": {"content_type": 8, "action_flag": 3, "object_repr": "woe", "action_time": "2015-07-10T12:34:44.597Z", "user": 1, "change_message": "", "object_id": "9"}, "model": "admin.logentry"}, {"pk": 97, "fields": {"content_type": 9, "action_flag": 2, "object_repr": "woe 1", "action_time": "2015-07-10T12:35:39.722Z", "user": 1, "change_message": "is_public gewijzigd.", "object_id": "35"}, "model": "admin.logentry"}, {"pk": 98, "fields": {"content_type": 9, "action_flag": 2, "object_repr": "woe 1", "action_time": "2015-07-10T12:36:04.790Z", "user": 1, "change_message": "is_public gewijzigd.", "object_id": "35"}, "model": "admin.logentry"}, {"pk": 99, "fields": {"content_type": 9, "action_flag": 2, "object_repr": "woe 1", "action_time": "2015-08-27T11:06:20.325Z", "user": 1, "change_message": "is_public gewijzigd.", "object_id": "35"}, "model": "admin.logentry"}, {"pk": 100, "fields": {"content_type": 9, "action_flag": 2, "object_repr": "Bord Willem & Mary", "action_time": "2015-08-27T11:07:21.371Z", "user": 1, "change_message": "title en slug gewijzigd.", "object_id": "35"}, "model": "admin.logentry"}, {"pk": 101, "fields": {"content_type": 9, "action_flag": 3, "object_repr": "vogelkooij", "action_time": "2015-08-27T14:18:32.874Z", "user": 1, "change_message": "", "object_id": "34"}, "model": "admin.logentry"}, {"pk": 102, "fields": {"content_type": 9, "action_flag": 2, "object_repr": "Bord Willem & Mary (provenance)", "action_time": "2015-08-27T14:24:28.149Z", "user": 1, "change_message": "title, slug en caption gewijzigd.", "object_id": "35"}, "model": "admin.logentry"}, {"pk": 103, "fields": {"content_type": 9, "action_flag": 2, "object_repr": "Lantaarnklok Parijs 18e eeuw", "action_time": "2015-08-27T14:28:29.859Z", "user": 1, "change_message": "title, slug en caption gewijzigd.", "object_id": "36"}, "model": "admin.logentry"}, {"pk": 104, "fields": {"content_type": 9, "action_flag": 1, "object_repr": "Pieter klok", "action_time": "2015-08-27T14:39:03.201Z", "user": 1, "change_message": "", "object_id": "118"}, "model": "admin.logentry"}, {"pk": 105, "fields": {"content_type": 9, "action_flag": 3, "object_repr": "klokken 2", "action_time": "2015-08-27T14:41:44.589Z", "user": 1, "change_message": "", "object_id": "37"}, "model": "admin.logentry"}, {"pk": 106, "fields": {"content_type": 9, "action_flag": 3, "object_repr": "klokken 6", "action_time": "2015-08-27T14:43:12.897Z", "user": 1, "change_message": "", "object_id": "41"}, "model": "admin.logentry"}, {"pk": 107, "fields": {"content_type": 9, "action_flag": 1, "object_repr": "Pieter klok detail", "action_time": "2015-08-27T14:47:30.833Z", "user": 1, "change_message": "", "object_id": "119"}, "model": "admin.logentry"}, {"pk": 108, "fields": {"content_type": 9, "action_flag": 3, "object_repr": "klokken 7", "action_time": "2015-08-27T14:48:00.186Z", "user": 1, "change_message": "", "object_id": "42"}, "model": "admin.logentry"}, {"pk": 109, "fields": {"content_type": 9, "action_flag": 2, "object_repr": "Zakzonnewijzer ", "action_time": "2015-08-27T14:56:38.161Z", "user": 1, "change_message": "title, slug en caption gewijzigd.", "object_id": "38"}, "model": "admin.logentry"}, {"pk": 110, "fields": {"content_type": 9, "action_flag": 2, "object_repr": "Duitse stoelklok", "action_time": "2015-08-27T14:58:55.595Z", "user": 1, "change_message": "effect, title, slug en caption gewijzigd.", "object_id": "39"}, "model": "admin.logentry"}, {"pk": 111, "fields": {"content_type": 9, "action_flag": 2, "object_repr": "Westfaalse klok", "action_time": "2015-08-27T15:00:42.078Z", "user": 1, "change_message": "title, slug en caption gewijzigd.", "object_id": "40"}, "model": "admin.logentry"}, {"pk": 112, "fields": {"content_type": 9, "action_flag": 2, "object_repr": "Westfaalse klok, donkerbruine eiken kast. ", "action_time": "2015-08-27T15:07:21.941Z", "user": 1, "change_message": "title, slug en caption gewijzigd.", "object_id": "43"}, "model": "admin.logentry"}, {"pk": 113, "fields": {"content_type": 9, "action_flag": 2, "object_repr": "Westfaalse klok, lichtbruine eiken kast", "action_time": "2015-08-27T15:07:48.962Z", "user": 1, "change_message": "title en slug gewijzigd.", "object_id": "40"}, "model": "admin.logentry"}, {"pk": 114, "fields": {"content_type": 8, "action_flag": 2, "object_repr": "klokken", "action_time": "2015-08-27T15:08:44.761Z", "user": 1, "change_message": "photos gewijzigd.", "object_id": "10"}, "model": "admin.logentry"}, {"pk": 115, "fields": {"content_type": 9, "action_flag": 2, "object_repr": "Pieter klok", "action_time": "2015-08-27T15:09:30.201Z", "user": 1, "change_message": "crop_from gewijzigd.", "object_id": "118"}, "model": "admin.logentry"}, {"pk": 116, "fields": {"content_type": 9, "action_flag": 2, "object_repr": "Pieter klok", "action_time": "2015-08-27T15:10:00.698Z", "user": 1, "change_message": "Geen velden gewijzigd.", "object_id": "118"}, "model": "admin.logentry"}, {"pk": 117, "fields": {"content_type": 9, "action_flag": 2, "object_repr": "Pieter klok", "action_time": "2015-08-27T15:10:26.145Z", "user": 1, "change_message": "crop_from gewijzigd.", "object_id": "118"}, "model": "admin.logentry"}, {"pk": 118, "fields": {"content_type": 9, "action_flag": 2, "object_repr": "Pieter klok", "action_time": "2015-08-27T15:11:01.807Z", "user": 1, "change_message": "crop_from gewijzigd.", "object_id": "118"}, "model": "admin.logentry"}, {"pk": 119, "fields": {"content_type": 8, "action_flag": 2, "object_repr": "klokken", "action_time": "2015-08-27T15:13:28.209Z", "user": 1, "change_message": "description gewijzigd.", "object_id": "10"}, "model": "admin.logentry"}, {"pk": 120, "fields": {"content_type": 9, "action_flag": 2, "object_repr": "Arita bord, achterkant", "action_time": "2015-08-27T15:15:27.810Z", "user": 1, "change_message": "title en slug gewijzigd.", "object_id": "44"}, "model": "admin.logentry"}, {"pk": 121, "fields": {"content_type": 9, "action_flag": 2, "object_repr": "Arita bord, achterkant", "action_time": "2015-08-27T15:15:35.818Z", "user": 1, "change_message": "is_public gewijzigd.", "object_id": "44"}, "model": "admin.logentry"}, {"pk": 122, "fields": {"content_type": 9, "action_flag": 2, "object_repr": "Arita bord, 17e eeuw", "action_time": "2015-08-27T15:17:22.709Z", "user": 1, "change_message": "title, slug en caption gewijzigd.", "object_id": "45"}, "model": "admin.logentry"}, {"pk": 123, "fields": {"content_type": 9, "action_flag": 2, "object_repr": "Arita bord, 17e eeuw", "action_time": "2015-08-27T15:18:12.504Z", "user": 1, "change_message": "caption gewijzigd.", "object_id": "45"}, "model": "admin.logentry"}, {"pk": 124, "fields": {"content_type": 9, "action_flag": 2, "object_repr": "Arita bord, 17e eeuw", "action_time": "2015-08-27T15:18:18.621Z", "user": 1, "change_message": "is_public gewijzigd.", "object_id": "45"}, "model": "admin.logentry"}, {"pk": 125, "fields": {"content_type": 9, "action_flag": 2, "object_repr": "Chinese lekschaal", "action_time": "2015-08-27T15:19:23.872Z", "user": 1, "change_message": "title, slug en caption gewijzigd.", "object_id": "47"}, "model": "admin.logentry"}, {"pk": 126, "fields": {"content_type": 9, "action_flag": 2, "object_repr": "Chinese lekschaal", "action_time": "2015-08-27T15:19:32.758Z", "user": 1, "change_message": "is_public gewijzigd.", "object_id": "47"}, "model": "admin.logentry"}, {"pk": 127, "fields": {"content_type": 9, "action_flag": 2, "object_repr": "Chinese lekschaal, achterkant", "action_time": "2015-08-27T15:20:02.977Z", "user": 1, "change_message": "title en slug gewijzigd.", "object_id": "46"}, "model": "admin.logentry"}, {"pk": 128, "fields": {"content_type": 9, "action_flag": 2, "object_repr": "Chinese lekschaal, achterkant", "action_time": "2015-08-27T15:20:11.872Z", "user": 1, "change_message": "is_public gewijzigd.", "object_id": "46"}, "model": "admin.logentry"}, {"pk": 129, "fields": {"content_type": 9, "action_flag": 2, "object_repr": "Delfts lekbord", "action_time": "2015-08-27T15:53:43.133Z", "user": 1, "change_message": "title en slug gewijzigd.", "object_id": "48"}, "model": "admin.logentry"}, {"pk": 130, "fields": {"content_type": 9, "action_flag": 2, "object_repr": "Delftse mandoline", "action_time": "2015-08-27T15:54:39.693Z", "user": 1, "change_message": "title en slug gewijzigd.", "object_id": "49"}, "model": "admin.logentry"}, {"pk": 131, "fields": {"content_type": 9, "action_flag": 2, "object_repr": "Delftse mandoline, achterkant", "action_time": "2015-08-27T15:54:58.245Z", "user": 1, "change_message": "title en slug gewijzigd.", "object_id": "49"}, "model": "admin.logentry"}, {"pk": 132, "fields": {"content_type": 9, "action_flag": 2, "object_repr": "Delftse mandoline", "action_time": "2015-08-27T15:55:32.566Z", "user": 1, "change_message": "title en slug gewijzigd.", "object_id": "50"}, "model": "admin.logentry"}, {"pk": 133, "fields": {"content_type": 9, "action_flag": 2, "object_repr": "Delftse mandoline, voorkant", "action_time": "2015-08-27T15:55:57.545Z", "user": 1, "change_message": "title en slug gewijzigd.", "object_id": "51"}, "model": "admin.logentry"}, {"pk": 134, "fields": {"content_type": 9, "action_flag": 2, "object_repr": "Samson borden", "action_time": "2015-08-27T15:56:25.174Z", "user": 1, "change_message": "title en slug gewijzigd.", "object_id": "52"}, "model": "admin.logentry"}, {"pk": 135, "fields": {"content_type": 9, "action_flag": 2, "object_repr": "Samson schaal", "action_time": "2015-08-27T15:57:10.861Z", "user": 1, "change_message": "title en slug gewijzigd.", "object_id": "53"}, "model": "admin.logentry"}, {"pk": 136, "fields": {"content_type": 9, "action_flag": 2, "object_repr": "Samson bord", "action_time": "2015-08-27T15:57:37.105Z", "user": 1, "change_message": "title en slug gewijzigd.", "object_id": "54"}, "model": "admin.logentry"}, {"pk": 137, "fields": {"content_type": 9, "action_flag": 2, "object_repr": "Samson kop", "action_time": "2015-08-27T15:59:47.823Z", "user": 1, "change_message": "title en slug gewijzigd.", "object_id": "53"}, "model": "admin.logentry"}, {"pk": 138, "fields": {"content_type": 9, "action_flag": 2, "object_repr": "Samson kop en schotels", "action_time": "2015-08-27T16:00:21.386Z", "user": 1, "change_message": "title en slug gewijzigd.", "object_id": "52"}, "model": "admin.logentry"}, {"pk": 139, "fields": {"content_type": 9, "action_flag": 2, "object_repr": "Samson kop en schotels, achterkant", "action_time": "2015-08-27T16:01:07.881Z", "user": 1, "change_message": "title en slug gewijzigd.", "object_id": "58"}, "model": "admin.logentry"}, {"pk": 140, "fields": {"content_type": 9, "action_flag": 2, "object_repr": "Samson kop en schotels, achterkant", "action_time": "2015-08-27T16:01:34.076Z", "user": 1, "change_message": "is_public gewijzigd.", "object_id": "58"}, "model": "admin.logentry"}, {"pk": 141, "fields": {"content_type": 9, "action_flag": 2, "object_repr": "Samson kop en schotels x", "action_time": "2015-08-27T16:02:41.602Z", "user": 1, "change_message": "title gewijzigd.", "object_id": "59"}, "model": "admin.logentry"}, {"pk": 142, "fields": {"content_type": 9, "action_flag": 2, "object_repr": "Samson kop en schotels, binnenkant", "action_time": "2015-08-27T16:03:14.910Z", "user": 1, "change_message": "title en slug gewijzigd.", "object_id": "52"}, "model": "admin.logentry"}, {"pk": 143, "fields": {"content_type": 9, "action_flag": 2, "object_repr": "Samson kop en schotels", "action_time": "2015-08-27T16:04:03.453Z", "user": 1, "change_message": "title gewijzigd.", "object_id": "59"}, "model": "admin.logentry"}, {"pk": 144, "fields": {"content_type": 9, "action_flag": 2, "object_repr": "Samson kop en schotels, gestapeld", "action_time": "2015-08-27T16:04:48.515Z", "user": 1, "change_message": "title en slug gewijzigd.", "object_id": "52"}, "model": "admin.logentry"}, {"pk": 145, "fields": {"content_type": 9, "action_flag": 2, "object_repr": "Samson kop en schotels", "action_time": "2015-08-27T16:05:07.396Z", "user": 1, "change_message": "slug gewijzigd.", "object_id": "59"}, "model": "admin.logentry"}, {"pk": 146, "fields": {"content_type": 9, "action_flag": 2, "object_repr": "Samson kop en schotels", "action_time": "2015-08-27T16:05:39.765Z", "user": 1, "change_message": "is_public gewijzigd.", "object_id": "59"}, "model": "admin.logentry"}, {"pk": 147, "fields": {"content_type": 9, "action_flag": 2, "object_repr": "Samson kop en schotels, overzicht 2", "action_time": "2015-08-27T16:06:26.287Z", "user": 1, "change_message": "title en slug gewijzigd.", "object_id": "55"}, "model": "admin.logentry"}, {"pk": 148, "fields": {"content_type": 9, "action_flag": 2, "object_repr": "Samson kop en schotels, overzicht 3", "action_time": "2015-08-27T16:06:49.204Z", "user": 1, "change_message": "title en slug gewijzigd.", "object_id": "56"}, "model": "admin.logentry"}, {"pk": 149, "fields": {"content_type": 9, "action_flag": 2, "object_repr": "Samson kop en schotels, overzicht 4", "action_time": "2015-08-27T16:07:13.694Z", "user": 1, "change_message": "title en slug gewijzigd.", "object_id": "57"}, "model": "admin.logentry"}, {"pk": 150, "fields": {"content_type": 9, "action_flag": 2, "object_repr": "Samson kop en schotels, overzicht 5", "action_time": "2015-08-27T16:07:32.047Z", "user": 1, "change_message": "title en slug gewijzigd.", "object_id": "60"}, "model": "admin.logentry"}, {"pk": 151, "fields": {"content_type": 9, "action_flag": 2, "object_repr": "Samson schotel", "action_time": "2015-08-27T16:07:56.078Z", "user": 1, "change_message": "title en slug gewijzigd.", "object_id": "54"}, "model": "admin.logentry"}, {"pk": 152, "fields": {"content_type": 9, "action_flag": 2, "object_repr": "Samson kop en schotels, overzicht 6", "action_time": "2015-08-27T16:08:18.992Z", "user": 1, "change_message": "title en slug gewijzigd.", "object_id": "61"}, "model": "admin.logentry"}, {"pk": 153, "fields": {"content_type": 9, "action_flag": 2, "object_repr": "Delfts bord", "action_time": "2015-08-27T16:08:53.284Z", "user": 1, "change_message": "title en slug gewijzigd.", "object_id": "62"}, "model": "admin.logentry"}, {"pk": 154, "fields": {"content_type": 9, "action_flag": 2, "object_repr": "Vaas", "action_time": "2015-08-27T16:09:30.998Z", "user": 1, "change_message": "effect, title en slug gewijzigd.", "object_id": "63"}, "model": "admin.logentry"}, {"pk": 155, "fields": {"content_type": 9, "action_flag": 2, "object_repr": "Arita kaststel, driedelig 17e eeuw", "action_time": "2015-08-27T16:36:09.798Z", "user": 1, "change_message": "crop_from, title en slug gewijzigd.", "object_id": "63"}, "model": "admin.logentry"}, {"pk": 156, "fields": {"content_type": 9, "action_flag": 2, "object_repr": "Arita kaststel, driedelig 17e eeuw", "action_time": "2015-08-27T16:36:40.374Z", "user": 1, "change_message": "is_public gewijzigd.", "object_id": "63"}, "model": "admin.logentry"}, {"pk": 157, "fields": {"content_type": 9, "action_flag": 2, "object_repr": "Delfts bord, 18e eeuw", "action_time": "2015-08-27T16:37:50.042Z", "user": 1, "change_message": "title, slug, caption en is_public gewijzigd.", "object_id": "62"}, "model": "admin.logentry"}, {"pk": 158, "fields": {"content_type": 9, "action_flag": 2, "object_repr": "Inkpot van geglazuurd aardewerk", "action_time": "2015-08-27T16:40:18.914Z", "user": 1, "change_message": "crop_from, title, slug en caption gewijzigd.", "object_id": "66"}, "model": "admin.logentry"}, {"pk": 159, "fields": {"content_type": 9, "action_flag": 2, "object_repr": "Inkpot van geglazuurd aardewerk", "action_time": "2015-08-27T16:40:25.306Z", "user": 1, "change_message": "is_public gewijzigd.", "object_id": "66"}, "model": "admin.logentry"}, {"pk": 160, "fields": {"content_type": 9, "action_flag": 3, "object_repr": "ceramiek2 2", "action_time": "2015-08-27T16:40:38.704Z", "user": 1, "change_message": "", "object_id": "64"}, "model": "admin.logentry"}, {"pk": 161, "fields": {"content_type": 9, "action_flag": 3, "object_repr": "ceramiek2 3", "action_time": "2015-08-27T16:40:38.707Z", "user": 1, "change_message": "", "object_id": "65"}, "model": "admin.logentry"}, {"pk": 162, "fields": {"content_type": 9, "action_flag": 3, "object_repr": "ceramiek2 5", "action_time": "2015-08-27T16:40:38.708Z", "user": 1, "change_message": "", "object_id": "67"}, "model": "admin.logentry"}, {"pk": 163, "fields": {"content_type": 9, "action_flag": 3, "object_repr": "ceramiek2 6", "action_time": "2015-08-27T16:41:06.317Z", "user": 1, "change_message": "", "object_id": "68"}, "model": "admin.logentry"}, {"pk": 164, "fields": {"content_type": 9, "action_flag": 2, "object_repr": "Inkpot van geglazuurd aardewerk, detail", "action_time": "2015-08-27T16:41:33.745Z", "user": 1, "change_message": "crop_from, title, slug en is_public gewijzigd.", "object_id": "69"}, "model": "admin.logentry"}, {"pk": 165, "fields": {"content_type": 9, "action_flag": 3, "object_repr": "ceramiek2 10", "action_time": "2015-08-27T16:43:52.343Z", "user": 1, "change_message": "", "object_id": "72"}, "model": "admin.logentry"}, {"pk": 166, "fields": {"content_type": 9, "action_flag": 3, "object_repr": "ceramiek2 11", "action_time": "2015-08-27T16:43:52.347Z", "user": 1, "change_message": "", "object_id": "73"}, "model": "admin.logentry"}, {"pk": 167, "fields": {"content_type": 9, "action_flag": 2, "object_repr": "Wit delftse pispot", "action_time": "2015-08-27T16:44:45.072Z", "user": 1, "change_message": "title, slug en caption gewijzigd.", "object_id": "70"}, "model": "admin.logentry"}, {"pk": 168, "fields": {"content_type": 9, "action_flag": 2, "object_repr": "Wit delftse pispot", "action_time": "2015-08-27T16:44:51.853Z", "user": 1, "change_message": "is_public gewijzigd.", "object_id": "70"}, "model": "admin.logentry"}, {"pk": 169, "fields": {"content_type": 9, "action_flag": 2, "object_repr": "Wit delftse pispot, Fankrijk", "action_time": "2015-08-27T16:45:32.334Z", "user": 1, "change_message": "title en slug gewijzigd.", "object_id": "71"}, "model": "admin.logentry"}, {"pk": 170, "fields": {"content_type": 9, "action_flag": 2, "object_repr": "Wit delftse pispot, Fankrijk", "action_time": "2015-08-27T16:45:45.452Z", "user": 1, "change_message": "is_public gewijzigd.", "object_id": "71"}, "model": "admin.logentry"}, {"pk": 171, "fields": {"content_type": 9, "action_flag": 2, "object_repr": "Wit delftse pispot, Fankrijk, onderkant", "action_time": "2015-08-27T16:46:24.554Z", "user": 1, "change_message": "title en slug gewijzigd.", "object_id": "71"}, "model": "admin.logentry"}, {"pk": 172, "fields": {"content_type": 9, "action_flag": 2, "object_repr": "Wit delftse pispot, Frankrijk", "action_time": "2015-08-27T16:46:42.125Z", "user": 1, "change_message": "title en slug gewijzigd.", "object_id": "70"}, "model": "admin.logentry"}, {"pk": 173, "fields": {"content_type": 9, "action_flag": 2, "object_repr": "Wit delftse pispot, Frankrijk, onderkant", "action_time": "2015-08-27T16:46:48.823Z", "user": 1, "change_message": "title gewijzigd.", "object_id": "71"}, "model": "admin.logentry"}, {"pk": 174, "fields": {"content_type": 9, "action_flag": 2, "object_repr": "Wit delftse kan, Duitsland", "action_time": "2015-08-27T16:48:15.089Z", "user": 1, "change_message": "crop_from, title, slug en caption gewijzigd.", "object_id": "74"}, "model": "admin.logentry"}, {"pk": 175, "fields": {"content_type": 9, "action_flag": 2, "object_repr": "Wit delftse kan, Duitsland", "action_time": "2015-08-27T16:48:22.346Z", "user": 1, "change_message": "is_public gewijzigd.", "object_id": "74"}, "model": "admin.logentry"}, {"pk": 176, "fields": {"content_type": 9, "action_flag": 2, "object_repr": "Wit delftse kan, Duitsland, onderkant", "action_time": "2015-08-27T16:48:50.982Z", "user": 1, "change_message": "crop_from, title en slug gewijzigd.", "object_id": "75"}, "model": "admin.logentry"}, {"pk": 177, "fields": {"content_type": 9, "action_flag": 2, "object_repr": "Wit delftse pispot, Frankrijk, onderkant", "action_time": "2015-08-27T16:48:57.898Z", "user": 1, "change_message": "Geen velden gewijzigd.", "object_id": "71"}, "model": "admin.logentry"}, {"pk": 178, "fields": {"content_type": 9, "action_flag": 2, "object_repr": "Wit delftse kan, Duitsland, onderkant", "action_time": "2015-08-27T16:49:06.518Z", "user": 1, "change_message": "is_public gewijzigd.", "object_id": "75"}, "model": "admin.logentry"}, {"pk": 179, "fields": {"content_type": 9, "action_flag": 2, "object_repr": "Wit delftse kan, Duitsland, bovenkant", "action_time": "2015-08-27T16:49:39.629Z", "user": 1, "change_message": "title, slug en is_public gewijzigd.", "object_id": "76"}, "model": "admin.logentry"}, {"pk": 180, "fields": {"content_type": 9, "action_flag": 2, "object_repr": "Wit delftse kan, Duitsland, onderkant", "action_time": "2015-08-27T16:49:55.710Z", "user": 1, "change_message": "crop_from gewijzigd.", "object_id": "75"}, "model": "admin.logentry"}, {"pk": 181, "fields": {"content_type": 9, "action_flag": 3, "object_repr": "ceramiek2 17", "action_time": "2015-08-27T16:50:15.854Z", "user": 1, "change_message": "", "object_id": "79"}, "model": "admin.logentry"}, {"pk": 182, "fields": {"content_type": 9, "action_flag": 2, "object_repr": "Blauw wit delfts lekbord", "action_time": "2015-08-27T16:50:47.505Z", "user": 1, "change_message": "title, slug en is_public gewijzigd.", "object_id": "77"}, "model": "admin.logentry"}, {"pk": 183, "fields": {"content_type": 9, "action_flag": 2, "object_repr": "Blauw wit delfts lekbord, onderkant", "action_time": "2015-08-27T16:51:16.867Z", "user": 1, "change_message": "title en slug gewijzigd.", "object_id": "78"}, "model": "admin.logentry"}, {"pk": 184, "fields": {"content_type": 9, "action_flag": 2, "object_repr": "Blauw wit delfts lekbord, onderkant", "action_time": "2015-08-27T16:51:23.407Z", "user": 1, "change_message": "is_public gewijzigd.", "object_id": "78"}, "model": "admin.logentry"}, {"pk": 185, "fields": {"content_type": 9, "action_flag": 2, "object_repr": "Blauw wit delfts lekbord", "action_time": "2015-08-27T16:51:42.393Z", "user": 1, "change_message": "caption gewijzigd.", "object_id": "77"}, "model": "admin.logentry"}, {"pk": 186, "fields": {"content_type": 9, "action_flag": 2, "object_repr": "ceramiek2 18", "action_time": "2015-08-27T16:51:55.533Z", "user": 1, "change_message": "Geen velden gewijzigd.", "object_id": "80"}, "model": "admin.logentry"}, {"pk": 187, "fields": {"content_type": 9, "action_flag": 2, "object_repr": "Veelkleurige delftse kom, onderkant", "action_time": "2015-08-27T16:54:05.024Z", "user": 1, "change_message": "title, slug en is_public gewijzigd.", "object_id": "84"}, "model": "admin.logentry"}, {"pk": 188, "fields": {"content_type": 9, "action_flag": 2, "object_repr": "Veelkleurige delftse kom", "action_time": "2015-08-27T16:55:20.763Z", "user": 1, "change_message": "title, slug en caption gewijzigd.", "object_id": "80"}, "model": "admin.logentry"}, {"pk": 189, "fields": {"content_type": 9, "action_flag": 3, "object_repr": "ceramiek2 19", "action_time": "2015-08-27T16:55:39.376Z", "user": 1, "change_message": "", "object_id": "81"}, "model": "admin.logentry"}, {"pk": 190, "fields": {"content_type": 9, "action_flag": 3, "object_repr": "ceramiek2 20", "action_time": "2015-08-27T16:55:39.380Z", "user": 1, "change_message": "", "object_id": "82"}, "model": "admin.logentry"}, {"pk": 191, "fields": {"content_type": 9, "action_flag": 3, "object_repr": "ceramiek2 21", "action_time": "2015-08-27T16:55:39.383Z", "user": 1, "change_message": "", "object_id": "83"}, "model": "admin.logentry"}, {"pk": 192, "fields": {"content_type": 9, "action_flag": 2, "object_repr": "Blauw wit chinese schotel", "action_time": "2015-08-27T16:56:55.912Z", "user": 1, "change_message": "title, slug en caption gewijzigd.", "object_id": "85"}, "model": "admin.logentry"}, {"pk": 193, "fields": {"content_type": 9, "action_flag": 2, "object_repr": "Blauw wit chinese schotel", "action_time": "2015-08-27T16:57:04.117Z", "user": 1, "change_message": "is_public gewijzigd.", "object_id": "85"}, "model": "admin.logentry"}, {"pk": 194, "fields": {"content_type": 9, "action_flag": 2, "object_repr": "Blauw wit chinese schotel, onderkant", "action_time": "2015-08-27T16:57:27.130Z", "user": 1, "change_message": "title en slug gewijzigd.", "object_id": "86"}, "model": "admin.logentry"}, {"pk": 195, "fields": {"content_type": 9, "action_flag": 2, "object_repr": "Blauw wit chinese schotel, onderkant", "action_time": "2015-08-27T16:57:35.824Z", "user": 1, "change_message": "is_public gewijzigd.", "object_id": "86"}, "model": "admin.logentry"}, {"pk": 196, "fields": {"content_type": 9, "action_flag": 2, "object_repr": "Blauw wit chinese schotel", "action_time": "2015-08-27T16:58:03.834Z", "user": 1, "change_message": "caption gewijzigd.", "object_id": "85"}, "model": "admin.logentry"}, {"pk": 197, "fields": {"content_type": 9, "action_flag": 2, "object_repr": "Blauw wit chinees lekbord", "action_time": "2015-08-27T16:59:11.157Z", "user": 1, "change_message": "title, slug en caption gewijzigd.", "object_id": "87"}, "model": "admin.logentry"}, {"pk": 198, "fields": {"content_type": 9, "action_flag": 2, "object_repr": "Blauw wit chinees lekbord", "action_time": "2015-08-27T16:59:33.501Z", "user": 1, "change_message": "is_public gewijzigd.", "object_id": "87"}, "model": "admin.logentry"}, {"pk": 199, "fields": {"content_type": 9, "action_flag": 3, "object_repr": "ceramiek2 26", "action_time": "2015-08-27T16:59:56.934Z", "user": 1, "change_message": "", "object_id": "88"}, "model": "admin.logentry"}, {"pk": 200, "fields": {"content_type": 9, "action_flag": 3, "object_repr": "ceramiek2 27", "action_time": "2015-08-27T17:00:49.393Z", "user": 1, "change_message": "", "object_id": "89"}, "model": "admin.logentry"}, {"pk": 201, "fields": {"content_type": 9, "action_flag": 2, "object_repr": "willem", "action_time": "2015-08-27T17:01:19.990Z", "user": 1, "change_message": "title gewijzigd.", "object_id": "91"}, "model": "admin.logentry"}, {"pk": 202, "fields": {"content_type": 9, "action_flag": 3, "object_repr": "Delftse schotel, Willem & Mary", "action_time": "2015-08-27T17:01:54.117Z", "user": 1, "change_message": "", "object_id": "13"}, "model": "admin.logentry"}, {"pk": 203, "fields": {"content_type": 9, "action_flag": 2, "object_repr": "Bord Willem & Mary", "action_time": "2015-08-27T17:02:45.614Z", "user": 1, "change_message": "title, slug en caption gewijzigd.", "object_id": "91"}, "model": "admin.logentry"}, {"pk": 204, "fields": {"content_type": 9, "action_flag": 2, "object_repr": "Bord Willem & Mary", "action_time": "2015-08-27T17:02:57.733Z", "user": 1, "change_message": "is_public gewijzigd.", "object_id": "91"}, "model": "admin.logentry"}, {"pk": 205, "fields": {"content_type": 9, "action_flag": 2, "object_repr": "Schotel Willem & Mary", "action_time": "2015-08-27T17:03:25.589Z", "user": 1, "change_message": "title en slug gewijzigd.", "object_id": "91"}, "model": "admin.logentry"}, {"pk": 206, "fields": {"content_type": 9, "action_flag": 2, "object_repr": "Schotel Willem & Mary (provenance)", "action_time": "2015-08-27T17:03:43.138Z", "user": 1, "change_message": "title en slug gewijzigd.", "object_id": "35"}, "model": "admin.logentry"}, {"pk": 207, "fields": {"content_type": 9, "action_flag": 2, "object_repr": "Schotel Willem & Mary, onderkant", "action_time": "2015-08-27T17:04:36.628Z", "user": 1, "change_message": "title, slug en is_public gewijzigd.", "object_id": "90"}, "model": "admin.logentry"}, {"pk": 208, "fields": {"content_type": 9, "action_flag": 2, "object_repr": "Bord, Savona", "action_time": "2015-08-27T17:06:58.101Z", "user": 1, "change_message": "title, slug, caption en is_public gewijzigd.", "object_id": "93"}, "model": "admin.logentry"}, {"pk": 209, "fields": {"content_type": 9, "action_flag": 2, "object_repr": "Bord, Savona, achterkant", "action_time": "2015-08-27T17:07:50.279Z", "user": 1, "change_message": "title en slug gewijzigd.", "object_id": "94"}, "model": "admin.logentry"}, {"pk": 210, "fields": {"content_type": 9, "action_flag": 2, "object_repr": "Bord, Savona, achterkant", "action_time": "2015-08-27T17:08:00.835Z", "user": 1, "change_message": "is_public gewijzigd.", "object_id": "94"}, "model": "admin.logentry"}, {"pk": 211, "fields": {"content_type": 9, "action_flag": 3, "object_repr": "ceramiek2 30", "action_time": "2015-08-27T17:08:25.273Z", "user": 1, "change_message": "", "object_id": "92"}, "model": "admin.logentry"}, {"pk": 212, "fields": {"content_type": 9, "action_flag": 3, "object_repr": "ceramiek2 33", "action_time": "2015-08-27T17:08:25.277Z", "user": 1, "change_message": "", "object_id": "95"}, "model": "admin.logentry"}, {"pk": 213, "fields": {"content_type": 9, "action_flag": 2, "object_repr": "theebus delfts", "action_time": "2015-08-27T17:09:17.704Z", "user": 1, "change_message": "title en slug gewijzigd.", "object_id": "96"}, "model": "admin.logentry"}, {"pk": 214, "fields": {"content_type": 9, "action_flag": 3, "object_repr": "diversen 1", "action_time": "2015-08-27T17:09:30.748Z", "user": 1, "change_message": "", "object_id": "97"}, "model": "admin.logentry"}, {"pk": 215, "fields": {"content_type": 9, "action_flag": 2, "object_repr": "Wereldbol", "action_time": "2015-08-27T17:09:56.290Z", "user": 1, "change_message": "effect, title, slug en is_public gewijzigd.", "object_id": "98"}, "model": "admin.logentry"}, {"pk": 216, "fields": {"content_type": 9, "action_flag": 2, "object_repr": "Wereldbol", "action_time": "2015-08-27T17:11:45.872Z", "user": 1, "change_message": "crop_from gewijzigd.", "object_id": "98"}, "model": "admin.logentry"}, {"pk": 217, "fields": {"content_type": 9, "action_flag": 2, "object_repr": "Wereldbol", "action_time": "2015-08-27T17:12:42.267Z", "user": 1, "change_message": "caption gewijzigd.", "object_id": "98"}, "model": "admin.logentry"}, {"pk": 218, "fields": {"content_type": 9, "action_flag": 2, "object_repr": "Wereldbol", "action_time": "2015-08-27T17:12:58.479Z", "user": 1, "change_message": "crop_from gewijzigd.", "object_id": "98"}, "model": "admin.logentry"}, {"pk": 219, "fields": {"content_type": 9, "action_flag": 3, "object_repr": "diversen 3", "action_time": "2015-08-27T17:16:08.137Z", "user": 1, "change_message": "", "object_id": "99"}, "model": "admin.logentry"}, {"pk": 220, "fields": {"content_type": 9, "action_flag": 3, "object_repr": "diversen 6", "action_time": "2015-08-27T17:16:23.668Z", "user": 1, "change_message": "", "object_id": "102"}, "model": "admin.logentry"}, {"pk": 221, "fields": {"content_type": 9, "action_flag": 3, "object_repr": "diversen 5", "action_time": "2015-08-27T17:16:23.671Z", "user": 1, "change_message": "", "object_id": "101"}, "model": "admin.logentry"}, {"pk": 222, "fields": {"content_type": 9, "action_flag": 3, "object_repr": "diversen 4", "action_time": "2015-08-27T17:16:23.673Z", "user": 1, "change_message": "", "object_id": "100"}, "model": "admin.logentry"}, {"pk": 223, "fields": {"content_type": 9, "action_flag": 2, "object_repr": "kruis", "action_time": "2015-08-27T17:16:49.572Z", "user": 1, "change_message": "crop_from, title en slug gewijzigd.", "object_id": "103"}, "model": "admin.logentry"}, {"pk": 224, "fields": {"content_type": 9, "action_flag": 2, "object_repr": "Ivoren jat", "action_time": "2015-08-27T17:18:10.545Z", "user": 1, "change_message": "crop_from, title, slug, caption en is_public gewijzigd.", "object_id": "104"}, "model": "admin.logentry"}, {"pk": 225, "fields": {"content_type": 9, "action_flag": 2, "object_repr": "Hazensprong pijpje", "action_time": "2015-08-27T17:20:27.710Z", "user": 1, "change_message": "crop_from, title, slug, caption en is_public gewijzigd.", "object_id": "105"}, "model": "admin.logentry"}, {"pk": 226, "fields": {"content_type": 9, "action_flag": 2, "object_repr": "Ivoren - schildpad doosje", "action_time": "2015-08-27T17:22:53.412Z", "user": 1, "change_message": "title, slug, caption en is_public gewijzigd.", "object_id": "106"}, "model": "admin.logentry"}, {"pk": 227, "fields": {"content_type": 9, "action_flag": 2, "object_repr": "Ivoren - schildpad doosje, geopend", "action_time": "2015-08-27T17:23:17.684Z", "user": 1, "change_message": "title, slug en is_public gewijzigd.", "object_id": "107"}, "model": "admin.logentry"}, {"pk": 228, "fields": {"content_type": 9, "action_flag": 2, "object_repr": "Houten beschilderde apothekers bus", "action_time": "2015-08-27T17:24:23.332Z", "user": 1, "change_message": "title, slug en caption gewijzigd.", "object_id": "108"}, "model": "admin.logentry"}, {"pk": 229, "fields": {"content_type": 9, "action_flag": 2, "object_repr": "Houten beschilderde apothekers bus", "action_time": "2015-08-27T17:24:29.961Z", "user": 1, "change_message": "is_public gewijzigd.", "object_id": "108"}, "model": "admin.logentry"}, {"pk": 230, "fields": {"content_type": 9, "action_flag": 2, "object_repr": "Ivoren netsukes", "action_time": "2015-08-27T17:26:16.374Z", "user": 1, "change_message": "title, slug en caption gewijzigd.", "object_id": "110"}, "model": "admin.logentry"}, {"pk": 231, "fields": {"content_type": 9, "action_flag": 2, "object_repr": "Ivoren netsukes", "action_time": "2015-08-27T17:26:32.028Z", "user": 1, "change_message": "is_public gewijzigd.", "object_id": "110"}, "model": "admin.logentry"}, {"pk": 232, "fields": {"content_type": 9, "action_flag": 2, "object_repr": "Ivoren netsukes, achterkant", "action_time": "2015-08-27T17:27:03.108Z", "user": 1, "change_message": "title en slug gewijzigd.", "object_id": "111"}, "model": "admin.logentry"}, {"pk": 233, "fields": {"content_type": 9, "action_flag": 2, "object_repr": "Ivoren netsukes, achterkant", "action_time": "2015-08-27T17:27:15.798Z", "user": 1, "change_message": "is_public gewijzigd.", "object_id": "111"}, "model": "admin.logentry"}, {"pk": 234, "fields": {"content_type": 9, "action_flag": 2, "object_repr": "Ivoren netsukes, onderkant", "action_time": "2015-08-27T17:27:38.614Z", "user": 1, "change_message": "title en slug gewijzigd.", "object_id": "112"}, "model": "admin.logentry"}, {"pk": 235, "fields": {"content_type": 9, "action_flag": 2, "object_repr": "Ivoren netsukes, onderkant", "action_time": "2015-08-27T17:27:45.533Z", "user": 1, "change_message": "is_public gewijzigd.", "object_id": "112"}, "model": "admin.logentry"}, {"pk": 236, "fields": {"content_type": 9, "action_flag": 3, "object_repr": "diversen 13", "action_time": "2015-08-27T17:27:56.049Z", "user": 1, "change_message": "", "object_id": "109"}, "model": "admin.logentry"}, {"pk": 237, "fields": {"content_type": 9, "action_flag": 3, "object_repr": "diversen 19", "action_time": "2015-08-27T17:28:19.590Z", "user": 1, "change_message": "", "object_id": "115"}, "model": "admin.logentry"}, {"pk": 238, "fields": {"content_type": 9, "action_flag": 2, "object_repr": "Houten tondeldoos", "action_time": "2015-08-27T17:29:15.315Z", "user": 1, "change_message": "title, slug, caption en is_public gewijzigd.", "object_id": "113"}, "model": "admin.logentry"}, {"pk": 239, "fields": {"content_type": 9, "action_flag": 2, "object_repr": "Houten tondeldoos, geopend", "action_time": "2015-08-27T17:29:38.248Z", "user": 1, "change_message": "title en slug gewijzigd.", "object_id": "114"}, "model": "admin.logentry"}, {"pk": 240, "fields": {"content_type": 9, "action_flag": 2, "object_repr": "Houten tondeldoos, geopend", "action_time": "2015-08-27T17:29:46.800Z", "user": 1, "change_message": "is_public gewijzigd.", "object_id": "114"}, "model": "admin.logentry"}, {"pk": 241, "fields": {"content_type": 9, "action_flag": 2, "object_repr": "Leren etui met zilveren montuur", "action_time": "2015-08-27T17:30:42.011Z", "user": 1, "change_message": "crop_from, title, slug en caption gewijzigd.", "object_id": "116"}, "model": "admin.logentry"}, {"pk": 242, "fields": {"content_type": 9, "action_flag": 2, "object_repr": "Leren etui met zilveren montuur", "action_time": "2015-08-27T17:31:11.034Z", "user": 1, "change_message": "is_public gewijzigd.", "object_id": "116"}, "model": "admin.logentry"}, {"pk": 243, "fields": {"content_type": 9, "action_flag": 3, "object_repr": "diversen 21", "action_time": "2015-08-27T17:31:18.989Z", "user": 1, "change_message": "", "object_id": "117"}, "model": "admin.logentry"}, {"pk": 244, "fields": {"content_type": 8, "action_flag": 2, "object_repr": "Ceramiek", "action_time": "2015-08-27T17:32:42.817Z", "user": 1, "change_message": "photos gewijzigd.", "object_id": "1"}, "model": "admin.logentry"}, {"pk": 245, "fields": {"content_type": 9, "action_flag": 3, "object_repr": "Chinese vaasjes", "action_time": "2015-08-27T17:33:14.721Z", "user": 1, "change_message": "", "object_id": "11"}, "model": "admin.logentry"}, {"pk": 246, "fields": {"content_type": 8, "action_flag": 2, "object_repr": "Ceramiek", "action_time": "2015-08-27T17:34:13.400Z", "user": 1, "change_message": "photos gewijzigd.", "object_id": "1"}, "model": "admin.logentry"}, {"pk": 247, "fields": {"content_type": 8, "action_flag": 2, "object_repr": "Houtsnijwerk", "action_time": "2015-08-27T17:34:46.200Z", "user": 1, "change_message": "Geen velden gewijzigd.", "object_id": "2"}, "model": "admin.logentry"}, {"pk": 248, "fields": {"content_type": 8, "action_flag": 2, "object_repr": "ceramiek2", "action_time": "2015-08-27T17:36:58.978Z", "user": 1, "change_message": "photos gewijzigd.", "object_id": "11"}, "model": "admin.logentry"}, {"pk": 249, "fields": {"content_type": 8, "action_flag": 3, "object_repr": "ceramiek2", "action_time": "2015-08-27T17:37:09.277Z", "user": 1, "change_message": "", "object_id": "11"}, "model": "admin.logentry"}, {"pk": 250, "fields": {"content_type": 8, "action_flag": 2, "object_repr": "diversen", "action_time": "2015-08-27T17:37:46.617Z", "user": 1, "change_message": "is_public gewijzigd.", "object_id": "12"}, "model": "admin.logentry"}, {"pk": 251, "fields": {"content_type": 8, "action_flag": 2, "object_repr": "Zilver", "action_time": "2015-08-27T17:38:13.347Z", "user": 1, "change_message": "photos gewijzigd.", "object_id": "5"}, "model": "admin.logentry"}, {"pk": 252, "fields": {"content_type": 9, "action_flag": 2, "object_repr": "kandelaar 17e 18e eeuw", "action_time": "2015-08-27T17:39:30.622Z", "user": 1, "change_message": "crop_from gewijzigd.", "object_id": "31"}, "model": "admin.logentry"}, {"pk": 253, "fields": {"content_type": 9, "action_flag": 3, "object_repr": "Blauw wit chinees lekbord", "action_time": "2015-08-27T17:50:34.331Z", "user": 1, "change_message": "", "object_id": "87"}, "model": "admin.logentry"}, {"pk": 254, "fields": {"content_type": 9, "action_flag": 2, "object_repr": "Chinese lekbord", "action_time": "2015-08-27T17:51:20.184Z", "user": 1, "change_message": "title, slug en caption gewijzigd.", "object_id": "47"}, "model": "admin.logentry"}, {"pk": 255, "fields": {"content_type": 9, "action_flag": 2, "object_repr": "Blauw wit chinees lekbord", "action_time": "2015-08-27T17:52:26.309Z", "user": 1, "change_message": "title en slug gewijzigd.", "object_id": "47"}, "model": "admin.logentry"}, {"pk": 256, "fields": {"content_type": 9, "action_flag": 2, "object_repr": "Blauw wit chinees lekbord, onderkant", "action_time": "2015-08-27T17:53:14.188Z", "user": 1, "change_message": "title en slug gewijzigd.", "object_id": "46"}, "model": "admin.logentry"}, {"pk": 257, "fields": {"content_type": 9, "action_flag": 2, "object_repr": "Blauw wit delfts lekbord, boven", "action_time": "2015-08-27T17:54:09.114Z", "user": 1, "change_message": "title, slug en is_public gewijzigd.", "object_id": "77"}, "model": "admin.logentry"}, {"pk": 258, "fields": {"content_type": 9, "action_flag": 2, "object_repr": "Blauw wit delfts lekbord", "action_time": "2015-08-27T17:54:27.321Z", "user": 1, "change_message": "title en slug gewijzigd.", "object_id": "48"}, "model": "admin.logentry"}, {"pk": 259, "fields": {"content_type": 9, "action_flag": 2, "object_repr": "Blauw wit delfts lekbord", "action_time": "2015-08-27T17:55:10.244Z", "user": 1, "change_message": "caption en is_public gewijzigd.", "object_id": "48"}, "model": "admin.logentry"}]