[{"model": "contenttypes.contenttype", "fields": {"model": "logentry", "app_label": "admin", "name": "log entry"}, "pk": 1}, {"model": "contenttypes.contenttype", "fields": {"model": "permission", "app_label": "auth", "name": "permission"}, "pk": 2}, {"model": "contenttypes.contenttype", "fields": {"model": "group", "app_label": "auth", "name": "group"}, "pk": 3}, {"model": "contenttypes.contenttype", "fields": {"model": "user", "app_label": "auth", "name": "user"}, "pk": 4}, {"model": "contenttypes.contenttype", "fields": {"model": "contenttype", "app_label": "contenttypes", "name": "content type"}, "pk": 5}, {"model": "contenttypes.contenttype", "fields": {"model": "session", "app_label": "sessions", "name": "session"}, "pk": 6}, {"model": "contenttypes.contenttype", "fields": {"model": "site", "app_label": "sites", "name": "site"}, "pk": 7}, {"model": "contenttypes.contenttype", "fields": {"model": "gallery", "app_label": "photologue", "name": "gallery"}, "pk": 8}, {"model": "contenttypes.contenttype", "fields": {"model": "photo", "app_label": "photologue", "name": "photo"}, "pk": 9}, {"model": "contenttypes.contenttype", "fields": {"model": "photoeffect", "app_label": "photologue", "name": "photo effect"}, "pk": 10}, {"model": "contenttypes.contenttype", "fields": {"model": "watermark", "app_label": "photologue", "name": "watermark"}, "pk": 11}, {"model": "contenttypes.contenttype", "fields": {"model": "photosize", "app_label": "photologue", "name": "photo size"}, "pk": 12}, {"model": "sessions.session", "fields": {"session_data": "ODE0NmY1Y2VhOGQ4ZjkzYjgxZTljYzk3NjJkMDYxY2MwYmQ5NDI4Yzp7Il9hdXRoX3VzZXJfaGFzaCI6IjJkOTQzZTNmNTQ0ZjljYTA1NzVmNTE2NTYxODI5NmQ4NDY5N2U2Y2IiLCJfYXV0aF91c2VyX2JhY2tlbmQiOiJkamFuZ28uY29udHJpYi5hdXRoLmJhY2tlbmRzLk1vZGVsQmFja2VuZCIsIl9hdXRoX3VzZXJfaWQiOjF9", "expire_date": "2015-05-27T14:24:44.226Z"}, "pk": "3zpgbqnvbzzj8kv14sjjj9oemdinepl9"}, {"model": "sessions.session", "fields": {"session_data": "NDhlMzlkYjVjNjcyNDliYjhjNWUzZjBhODhiYTUwN2ZiYzExODVkOTp7Il9hdXRoX3VzZXJfaWQiOjEsIl9hdXRoX3VzZXJfYmFja2VuZCI6ImRqYW5nby5jb250cmliLmF1dGguYmFja2VuZHMuTW9kZWxCYWNrZW5kIiwiX2F1dGhfdXNlcl9oYXNoIjoiMmQ3NTdhYTY2YzkwMjZhOGE5ZjE3NDk4OGNlN2IzYzFmYTk2NDkzOSJ9", "expire_date": "2015-02-06T13:36:12.781Z"}, "pk": "4ml4kj0bxxu3gg1m5cqvjjf6z13u3a85"}, {"model": "sessions.session", "fields": {"session_data": "ZWNhZmI0Y2MwNzFlN2M4Y2E1YjMxYzc3NjVmMjE0MTI5ZTliOTI3Zjp7Il9hdXRoX3VzZXJfaGFzaCI6IjJkOTQzZTNmNTQ0ZjljYTA1NzVmNTE2NTYxODI5NmQ4NDY5N2U2Y2IiLCJfYXV0aF91c2VyX2lkIjoxLCJfYXV0aF91c2VyX2JhY2tlbmQiOiJkamFuZ28uY29udHJpYi5hdXRoLmJhY2tlbmRzLk1vZGVsQmFja2VuZCJ9", "expire_date": "2015-05-12T16:36:19.795Z"}, "pk": "5tthkng584rks5o5vy3upd0ht3xel4mr"}, {"model": "sessions.session", "fields": {"session_data": "ODE0NmY1Y2VhOGQ4ZjkzYjgxZTljYzk3NjJkMDYxY2MwYmQ5NDI4Yzp7Il9hdXRoX3VzZXJfaGFzaCI6IjJkOTQzZTNmNTQ0ZjljYTA1NzVmNTE2NTYxODI5NmQ4NDY5N2U2Y2IiLCJfYXV0aF91c2VyX2JhY2tlbmQiOiJkamFuZ28uY29udHJpYi5hdXRoLmJhY2tlbmRzLk1vZGVsQmFja2VuZCIsIl9hdXRoX3VzZXJfaWQiOjF9", "expire_date": "2015-06-11T14:05:17.375Z"}, "pk": "eml6kjn5g0z39mt1w568nzk060tkisgy"}, {"model": "sessions.session", "fields": {"session_data": "ODE0NmY1Y2VhOGQ4ZjkzYjgxZTljYzk3NjJkMDYxY2MwYmQ5NDI4Yzp7Il9hdXRoX3VzZXJfaGFzaCI6IjJkOTQzZTNmNTQ0ZjljYTA1NzVmNTE2NTYxODI5NmQ4NDY5N2U2Y2IiLCJfYXV0aF91c2VyX2JhY2tlbmQiOiJkamFuZ28uY29udHJpYi5hdXRoLmJhY2tlbmRzLk1vZGVsQmFja2VuZCIsIl9hdXRoX3VzZXJfaWQiOjF9", "expire_date": "2015-07-15T17:23:23.433Z"}, "pk": "iuczywpx44948uflies700vnj74vcvry"}, {"model": "sessions.session", "fields": {"session_data": "YjhiM2RlYWI4YjA5YjgzMWY0YjNkYjliYmJhNDNiYTQzOTFiNTIwZjp7Il9hdXRoX3VzZXJfYmFja2VuZCI6ImRqYW5nby5jb250cmliLmF1dGguYmFja2VuZHMuTW9kZWxCYWNrZW5kIiwiX2F1dGhfdXNlcl9oYXNoIjoiMmQ3NTdhYTY2YzkwMjZhOGE5ZjE3NDk4OGNlN2IzYzFmYTk2NDkzOSIsIl9hdXRoX3VzZXJfaWQiOjF9", "expire_date": "2015-02-03T12:47:13.223Z"}, "pk": "k53wnxywp8sz8dqx4839k5zajs31ny4p"}, {"model": "sessions.session", "fields": {"session_data": "ODE0NmY1Y2VhOGQ4ZjkzYjgxZTljYzk3NjJkMDYxY2MwYmQ5NDI4Yzp7Il9hdXRoX3VzZXJfaGFzaCI6IjJkOTQzZTNmNTQ0ZjljYTA1NzVmNTE2NTYxODI5NmQ4NDY5N2U2Y2IiLCJfYXV0aF91c2VyX2JhY2tlbmQiOiJkamFuZ28uY29udHJpYi5hdXRoLmJhY2tlbmRzLk1vZGVsQmFja2VuZCIsIl9hdXRoX3VzZXJfaWQiOjF9", "expire_date": "2015-07-22T13:45:29.640Z"}, "pk": "lbguuhio1xgf5hf7jpzx65sjam22fs8t"}, {"model": "sessions.session", "fields": {"session_data": "ODE0NmY1Y2VhOGQ4ZjkzYjgxZTljYzk3NjJkMDYxY2MwYmQ5NDI4Yzp7Il9hdXRoX3VzZXJfaGFzaCI6IjJkOTQzZTNmNTQ0ZjljYTA1NzVmNTE2NTYxODI5NmQ4NDY5N2U2Y2IiLCJfYXV0aF91c2VyX2JhY2tlbmQiOiJkamFuZ28uY29udHJpYi5hdXRoLmJhY2tlbmRzLk1vZGVsQmFja2VuZCIsIl9hdXRoX3VzZXJfaWQiOjF9", "expire_date": "2015-07-22T12:45:00.710Z"}, "pk": "lyhrjl7x83l77bbayme3el0nx2k0ewiv"}, {"model": "sessions.session", "fields": {"session_data": "NDhlMzlkYjVjNjcyNDliYjhjNWUzZjBhODhiYTUwN2ZiYzExODVkOTp7Il9hdXRoX3VzZXJfaWQiOjEsIl9hdXRoX3VzZXJfYmFja2VuZCI6ImRqYW5nby5jb250cmliLmF1dGguYmFja2VuZHMuTW9kZWxCYWNrZW5kIiwiX2F1dGhfdXNlcl9oYXNoIjoiMmQ3NTdhYTY2YzkwMjZhOGE5ZjE3NDk4OGNlN2IzYzFmYTk2NDkzOSJ9", "expire_date": "2015-01-22T15:25:24.750Z"}, "pk": "zji5saomcquxwjzvhvkkhyipg7qxxdvo"}, {"model": "sessions.session", "fields": {"session_data": "ODE0NmY1Y2VhOGQ4ZjkzYjgxZTljYzk3NjJkMDYxY2MwYmQ5NDI4Yzp7Il9hdXRoX3VzZXJfaGFzaCI6IjJkOTQzZTNmNTQ0ZjljYTA1NzVmNTE2NTYxODI5NmQ4NDY5N2U2Y2IiLCJfYXV0aF91c2VyX2JhY2tlbmQiOiJkamFuZ28uY29udHJpYi5hdXRoLmJhY2tlbmRzLk1vZGVsQmFja2VuZCIsIl9hdXRoX3VzZXJfaWQiOjF9", "expire_date": "2015-06-11T13:00:28.296Z"}, "pk": "zrnxjvn0cvu5z71v00rbt1llu6rgukb8"}, {"model": "sites.site", "fields": {"name": "henkkamp.net", "domain": "henkkamp.net"}, "pk": 1}, {"model": "photologue.gallery", "fields": {"description": "Voorbeelden van Ceramieken zijn aardewerk, steengoed en porselein. ", "tags": "", "sites": [1], "slug": "ceramiek", "is_public": true, "photos": [27, 26, 16, 15, 14, 13, 12, 25], "date_added": "2015-01-08T15:25:27Z", "title": "Ceramiek"}, "pk": 1}, {"model": "photologue.gallery", "fields": {"description": "Houtsnijwerk is hout, dat bewerkt is met een stuk snijdgereedschap, waardoor het een bepaalde vorm krijgt. Dit wordt dan op bijvoorbeeld klokken of meubilair aangebracht om het er mooier uit te laten zien. Vroeger was dit het ambacht van de houtsnijder en de beeldsnijder.", "tags": "", "sites": [1], "slug": "houtsnijwerk", "is_public": true, "photos": [22, 21], "date_added": "2015-01-13T15:16:43Z", "title": "Houtsnijwerk"}, "pk": 2}, {"model": "photologue.gallery", "fields": {"description": "Messing of geelkoper is een legering van koper (55-70%) en zink (45-30%)\r\n\r\nBrons is een legering van koper en tin. Het tingehalte kan vari\u00ebren van ca. 10 tot 30%. De legering heeft een roodachtige tot gelige kleur, afhankelijk van het tingehalte.", "tags": "", "sites": [1], "slug": "messing-brons", "is_public": true, "photos": [10, 31], "date_added": "2015-01-13T15:17:26Z", "title": "Messing - Brons"}, "pk": 3}, {"model": "photologue.gallery", "fields": {"description": "In vroeger eeuwen werd tin vaak gebruikt om borden, bekers, kannen en bestek te maken. Het gesmolten tin werd door een tingieter in vormen gegoten.", "tags": "", "sites": [1], "slug": "tin", "is_public": true, "photos": [24, 29, 33, 30], "date_added": "2015-01-13T15:18:22Z", "title": "Tin"}, "pk": 4}, {"model": "photologue.gallery", "fields": {"description": "Zilver is een veelgebruikt materiaal in de toegepaste kunst voor de vervaardiging van reli\u00ebfs, portretbustes, reliekhouders, doopschelpen en ander liturgisch vaatwerk, kandelaars, tabaks- en snuifdozen, koffiekannen, tafelzilver en andere sier- en gebruiksvoorwerpen.\r\n\r\nSterlingzilver (legering met zeer hoog zilvergehalte) wordt door edelsmeden veel gebruikt voor de vervaardiging van sieraden.\r\n\r\nZilver wordt ook gebruikt om voorwerpen gemaakt van minderwaardige metalen te verzilveren.\r\n", "tags": "", "sites": [1], "slug": "zilver", "is_public": true, "photos": [19], "date_added": "2015-01-13T15:19:36Z", "title": "Zilver"}, "pk": 5}, {"model": "photologue.gallery", "fields": {"description": "", "tags": "", "sites": [1], "slug": "kaarten-en-prenten", "is_public": true, "photos": [32], "date_added": "2015-07-07T13:25:48Z", "title": "Kaarten en Prenten"}, "pk": 7}, {"model": "photologue.gallery", "fields": {"description": "", "tags": "", "sites": [1], "slug": "woe", "is_public": false, "photos": [], "date_added": "2015-07-08T15:51:47.868Z", "title": "woe"}, "pk": 9}, {"model": "photologue.photo", "fields": {"caption": "Messing en houten wijnkelderkandelaar. \r\nFrankrijk, 18e eeuw.\r\nLengte: 30 cm.", "slug": "wijnkelderkandelaar", "image": "photologue/photos/wijnkelderkandelaar.jpg", "crop_from": "center", "effect": null, "is_public": true, "tags": "", "sites": [1], "date_taken": "2015-05-13T15:03:36.948Z", "view_count": 201, "date_added": "2015-05-13T14:45:31Z", "title": "Wijnkelderkandelaar"}, "pk": 10}, {"model": "photologue.photo", "fields": {"caption": "Stel vaasjes, China, 18e eeuw.   ", "slug": "chinese-vaasjes", "image": "photologue/photos/vaasjes-chinees.jpg", "crop_from": "center", "effect": null, "is_public": true, "tags": "", "sites": [1], "date_taken": "2015-05-13T15:04:15.538Z", "view_count": 79, "date_added": "2015-05-13T15:03:40Z", "title": "Chinese vaasjes"}, "pk": 11}, {"model": "photologue.photo", "fields": {"caption": "Delfts aardewerk vaas met Chinoiserie afbeelding. \r\nEind 17e eeuw.", "slug": "delftse-vaas-17e-eeuw", "image": "photologue/photos/vaas-delft-17e.jpg", "crop_from": "center", "effect": null, "is_public": true, "tags": "", "sites": [1], "date_taken": "2015-05-13T15:05:25.793Z", "view_count": 153, "date_added": "2015-05-13T15:04:18Z", "title": "Delftse vaas, 17e eeuw"}, "pk": 12}, {"model": "photologue.photo", "fields": {"caption": "Schotel, Delfts aardewerk, eind 17e eeuw. \r\nDoorsnede 34,7cm", "slug": "delftse-schotel-willem-mary", "image": "photologue/photos/schotel-w3-mary.jpg", "crop_from": "center", "effect": null, "is_public": true, "tags": "", "sites": [1], "date_taken": "2015-05-13T15:06:32.927Z", "view_count": 169, "date_added": "2015-05-13T15:05:47Z", "title": "Delftse schotel, Willem & Mary"}, "pk": 13}, {"model": "photologue.photo", "fields": {"caption": "Delfts aardewerk, schotel met bloemenvaas afbeelding. 18e eeuw. \r\nDoorsnede 30,1 cm. ", "slug": "delftse-schotel-bloemenvaas", "image": "photologue/photos/schotel-bloemenvaas.jpg", "crop_from": "center", "effect": null, "is_public": true, "tags": "", "sites": [1], "date_taken": "2015-05-13T15:07:09.410Z", "view_count": 162, "date_added": "2015-05-13T15:06:36Z", "title": "Delftse schotel, bloemenvaas"}, "pk": 14}, {"model": "photologue.photo", "fields": {"caption": "Schotel, Delfts aardewerk, 18e eeuw. \r\nDoorsnede 30,4 cm.", "slug": "delftse-schotel-bloemen", "image": "photologue/photos/schotel-bloemen.jpg", "crop_from": "center", "effect": null, "is_public": true, "tags": "", "sites": [1], "date_taken": "2015-05-13T15:07:57.651Z", "view_count": 153, "date_added": "2015-05-13T15:07:29Z", "title": "Delftse schotel, bloemen"}, "pk": 15}, {"model": "photologue.photo", "fields": {"caption": "Delfts aardewerk, scheerschotel, 18e eeuw. \r\nDoorsnede 25,1 cm.", "slug": "delftse-scheerschotel", "image": "photologue/photos/scheerschotel.jpg", "crop_from": "center", "effect": null, "is_public": true, "tags": "", "sites": [1], "date_taken": "2015-05-13T15:08:17.100Z", "view_count": 156, "date_added": "2015-05-13T15:07:59Z", "title": "Delftse Scheerschotel"}, "pk": 16}, {"model": "photologue.photo", "fields": {"caption": "Zilveren rammelaar, 17e eeuw, Nederlands. ", "slug": "zilveren-rammelaar", "image": "photologue/photos/rammelaar-zilver.jpg", "crop_from": "center", "effect": null, "is_public": true, "tags": "", "sites": [1], "date_taken": "2015-05-13T15:08:57.385Z", "view_count": 82, "date_added": "2015-05-13T15:08:33Z", "title": "Zilveren rammelaar"}, "pk": 17}, {"model": "photologue.photo", "fields": {"caption": "Olielamp met glazen reservoir. \r\nDuits, 19e eeuw. \r\nHoogte 36,5 cm. ", "slug": "olielamp", "image": "photologue/photos/olielamp-tin.jpg", "crop_from": "center", "effect": null, "is_public": true, "tags": "", "sites": [1], "date_taken": "2015-05-13T15:09:27.526Z", "view_count": 81, "date_added": "2015-05-13T15:08:59Z", "title": "Olielamp"}, "pk": 18}, {"model": "photologue.photo", "fields": {"caption": "Zilveren kandelaar, 17e eeuw, Nederlands. Kinderspeelgoed. ", "slug": "zilveren-kandelaar", "image": "photologue/photos/kandelaar-zilver.jpg", "crop_from": "center", "effect": null, "is_public": true, "tags": "", "sites": [1], "date_taken": "2015-05-13T15:09:56.340Z", "view_count": 200, "date_added": "2015-05-13T15:09:33Z", "title": "Zilveren kandelaar"}, "pk": 19}, {"model": "photologue.photo", "fields": {"caption": "Bronzen beeld: De Wachter. \r\nEric Claus, Nederlands, 20e eeuw. \r\nHoogte (zonder sokkel) 13,7 cm. ", "slug": "de-wachter", "image": "photologue/photos/eric-claus-de-wachter.jpg", "crop_from": "center", "effect": null, "is_public": true, "tags": "", "sites": [1], "date_taken": "2015-05-13T15:10:22.914Z", "view_count": 100, "date_added": "2015-05-13T15:09:56Z", "title": "De Wachter."}, "pk": 20}, {"model": "photologue.photo", "fields": {"caption": "Eikenhouten engelenkop. \r\nNoord-Nederlands, eind 18e eeuw. \r\nBreedte 42 cm. ", "slug": "engelenkop-detail", "image": "photologue/photos/engelenkop-hout-detail.jpg", "crop_from": "center", "effect": null, "is_public": true, "tags": "", "sites": [1], "date_taken": "2015-05-13T15:11:45.449Z", "view_count": 196, "date_added": "2015-05-13T15:10:23Z", "title": "Engelenkop detail"}, "pk": 21}, {"model": "photologue.photo", "fields": {"caption": "Eikenhouten engelenkop. \r\nNoord-Nederlands, eind 18e eeuw. \r\nBreedte 42 cm. ", "slug": "engelenkop", "image": "photologue/photos/engelenkop-hout.jpg", "crop_from": "center", "effect": null, "is_public": true, "tags": "", "sites": [1], "date_taken": "2015-05-13T15:12:15.073Z", "view_count": 194, "date_added": "2015-05-13T15:11:45Z", "title": "Engelenkop"}, "pk": 22}, {"model": "photologue.photo", "fields": {"caption": "Messing Chanouka, Nederlands. \r\n18e eeuw.\r\nHoogte, 26,9 cm.", "slug": "chanouka-judaica-nederlands", "image": "photologue/photos/chanouka-judaica.jpg", "crop_from": "center", "effect": null, "is_public": true, "tags": "", "sites": [1], "date_taken": "2015-05-13T15:12:54.318Z", "view_count": 99, "date_added": "2015-05-13T15:12:15Z", "title": "Chanouka, Judaica, Nederlands"}, "pk": 23}, {"model": "photologue.photo", "fields": {"caption": "Bord, reli\u00ebf tin. Frankrijk, 18e eeuw. \r\nDeels verguld. \r\nDoorsnede 24,7 cm. ", "slug": "bord-relief-tin", "image": "photologue/photos/bord-relief-tin.jpg", "crop_from": "center", "effect": null, "is_public": true, "tags": "", "sites": [1], "date_taken": "2015-05-13T15:13:22.271Z", "view_count": 212, "date_added": "2015-05-13T15:12:54Z", "title": "Bord, reli\u00ebf tin"}, "pk": 24}, {"model": "photologue.photo", "fields": {"caption": "Delfts aardewerk, bordje met bloemenvaas afbeelding. \r\nEind 18e eeuw.\r\nDoorsnede 23,1 cm. ", "slug": "delfts-bordje", "image": "photologue/photos/bord-delft-vaas2.jpg", "crop_from": "center", "effect": null, "is_public": true, "tags": "", "sites": [1], "date_taken": "2015-05-13T15:13:59.282Z", "view_count": 176, "date_added": "2015-05-13T15:13:22Z", "title": "Delfts bordje, bloemenvaas"}, "pk": 25}, {"model": "photologue.photo", "fields": {"caption": "Delfts aardewerk, bordje met bloemenvaas afbeelding. \r\nEind 18e eeuw.\r\nDoorsnede 22,4 cm. ", "slug": "delfts-bordje-bloemenvaas", "image": "photologue/photos/bord-delft-vaas.jpg", "crop_from": "center", "effect": null, "is_public": true, "tags": "", "sites": [1], "date_taken": "2015-05-13T15:14:56.227Z", "view_count": 197, "date_added": "2015-05-13T15:13:59Z", "title": "Delfts bordje, bloemenvaas met gele ring"}, "pk": 26}, {"model": "photologue.photo", "fields": {"caption": "Delfts aardewerk, boeren landschap. \r\n18e eeuw. \r\nDoorsnede 22 cm.", "slug": "delfts-bordje-boeren-landschap", "image": "photologue/photos/bord-delft-boeren.jpg", "crop_from": "center", "effect": null, "is_public": true, "tags": "", "sites": [1], "date_taken": "2015-05-13T15:15:31.580Z", "view_count": 174, "date_added": "2015-05-13T15:14:56Z", "title": "Delfts bordje, boeren landschap"}, "pk": 27}, {"model": "photologue.photo", "fields": {"caption": "Delfts aardewerk, bordje met bloemen afbeelding. \r\nEerste helft 19e eeuw. \r\nDoorsnede 22,7 cm. ", "slug": "delfts-bordje-bloemen", "image": "photologue/photos/bord-delft-19e.jpg", "crop_from": "center", "effect": null, "is_public": true, "tags": "", "sites": [1], "date_taken": "2015-05-13T15:16:39.115Z", "view_count": 103, "date_added": "2015-05-13T15:15:31Z", "title": "Delfts bordje, bloemen"}, "pk": 28}, {"model": "photologue.photo", "fields": {"caption": "Stel vaasvormige, tinnen theebusjes in zigzag gravure versierd met bloemmotieven.\r\nNederlands, begin 18e eeuw. Gemerkt onder de bodem: onbekende meester.\r\nAfmetingen: Hoogte 13 cm. Doorsnee voet 5 cm.\r\n", "slug": "stel-18e-eeuwse-theebusjes", "image": "photologue/photos/2099.jpg", "crop_from": "center", "effect": null, "is_public": true, "tags": "", "sites": [1], "date_taken": "2015-05-28T14:36:18.621Z", "view_count": 186, "date_added": "2015-05-28T14:20:25Z", "title": "Stel 18e eeuwse theebusjes "}, "pk": 29}, {"model": "photologue.photo", "fields": {"caption": "", "slug": "cabaret-18e-eeuw", "image": "photologue/photos/2366 a.jpg", "crop_from": "center", "effect": null, "is_public": true, "tags": "", "sites": [1], "date_taken": "2015-07-07T13:06:51.243Z", "view_count": 119, "date_added": "2015-07-07T13:04:00Z", "title": "cabaret 18e eeuw"}, "pk": 30}, {"model": "photologue.photo", "fields": {"caption": "", "slug": "kandelaar-17e-18e-eeuw", "image": "photologue/photos/kandelaar.jpg", "crop_from": "center", "effect": null, "is_public": true, "tags": "", "sites": [1], "date_taken": "2015-07-07T13:08:31.101Z", "view_count": 104, "date_added": "2015-07-07T13:06:51Z", "title": "kandelaar 17e 18e eeuw"}, "pk": 31}, {"model": "photologue.photo", "fields": {"caption": "", "slug": "johann-daniel-herz-jerusalem", "image": "photologue/photos/jerusalem.jpg", "crop_from": "center", "effect": null, "is_public": true, "tags": "", "sites": [1], "date_taken": "2015-07-07T13:11:58.693Z", "view_count": 115, "date_added": "2015-07-07T13:08:32Z", "title": "Johann Daniel Herz: Jerusalem"}, "pk": 32}, {"model": "photologue.photo", "fields": {"caption": "", "slug": "kardinaalschotel-17e-eeuw-parijs", "image": "photologue/photos/kardinaalbord.jpg", "crop_from": "center", "effect": null, "is_public": true, "tags": "", "sites": [1], "date_taken": "2015-07-07T13:21:29.805Z", "view_count": 122, "date_added": "2015-07-07T13:16:42Z", "title": "Kardinaalschotel 17e eeuw Parijs"}, "pk": 33}, {"model": "photologue.photo", "fields": {"caption": "", "slug": "vogelkooij", "image": "photologue/photos/vogelkooij.bmp", "crop_from": "center", "effect": null, "is_public": false, "tags": "", "sites": [1], "date_taken": "2015-07-08T12:47:38.234Z", "view_count": 8, "date_added": "2015-07-08T12:45:22Z", "title": "vogelkooij"}, "pk": 34}, {"model": "photologue.photo", "fields": {"caption": "", "slug": "woe-1", "image": "photologue/photos/Antiek mei 1974 1.jpg", "crop_from": "center", "effect": null, "is_public": false, "tags": "", "sites": [1], "date_taken": "2015-07-08T15:51:47.911Z", "view_count": 0, "date_added": "2015-07-08T15:51:47.899Z", "title": "woe 1"}, "pk": 35}, {"model": "photologue.photoeffect", "fields": {"transpose_method": "ROTATE_270", "brightness": 1.0, "description": "", "background_color": "#FFFFFF", "contrast": 1.0, "sharpness": 1.0, "filters": "", "color": 1.0, "name": "roteer rechtsom", "reflection_size": 0.0, "reflection_strength": 0.6}, "pk": 1}, {"model": "photologue.photoeffect", "fields": {"transpose_method": "ROTATE_90", "brightness": 1.0, "description": "", "background_color": "#FFFFFF", "contrast": 1.0, "sharpness": 1.0, "filters": "", "color": 1.0, "name": "roteer linksom", "reflection_size": 0.0, "reflection_strength": 0.6}, "pk": 2}, {"model": "photologue.photosize", "fields": {"watermark": null, "width": 100, "increment_count": true, "crop": true, "upscale": false, "pre_cache": true, "name": "admin_thumbnail", "effect": null, "height": 75, "quality": 70}, "pk": 1}, {"model": "photologue.photosize", "fields": {"watermark": null, "width": 100, "increment_count": true, "crop": true, "upscale": false, "pre_cache": true, "name": "thumbnail", "effect": null, "height": 75, "quality": 70}, "pk": 2}, {"model": "photologue.photosize", "fields": {"watermark": null, "width": 400, "increment_count": true, "crop": false, "upscale": false, "pre_cache": true, "name": "display", "effect": null, "height": 0, "quality": 70}, "pk": 3}, {"model": "auth.permission", "fields": {"content_type": 1, "codename": "add_logentry", "name": "Can add log entry"}, "pk": 1}, {"model": "auth.permission", "fields": {"content_type": 1, "codename": "change_logentry", "name": "Can change log entry"}, "pk": 2}, {"model": "auth.permission", "fields": {"content_type": 1, "codename": "delete_logentry", "name": "Can delete log entry"}, "pk": 3}, {"model": "auth.permission", "fields": {"content_type": 2, "codename": "add_permission", "name": "Can add permission"}, "pk": 4}, {"model": "auth.permission", "fields": {"content_type": 2, "codename": "change_permission", "name": "Can change permission"}, "pk": 5}, {"model": "auth.permission", "fields": {"content_type": 2, "codename": "delete_permission", "name": "Can delete permission"}, "pk": 6}, {"model": "auth.permission", "fields": {"content_type": 3, "codename": "add_group", "name": "Can add group"}, "pk": 7}, {"model": "auth.permission", "fields": {"content_type": 3, "codename": "change_group", "name": "Can change group"}, "pk": 8}, {"model": "auth.permission", "fields": {"content_type": 3, "codename": "delete_group", "name": "Can delete group"}, "pk": 9}, {"model": "auth.permission", "fields": {"content_type": 4, "codename": "add_user", "name": "Can add user"}, "pk": 10}, {"model": "auth.permission", "fields": {"content_type": 4, "codename": "change_user", "name": "Can change user"}, "pk": 11}, {"model": "auth.permission", "fields": {"content_type": 4, "codename": "delete_user", "name": "Can delete user"}, "pk": 12}, {"model": "auth.permission", "fields": {"content_type": 5, "codename": "add_contenttype", "name": "Can add content type"}, "pk": 13}, {"model": "auth.permission", "fields": {"content_type": 5, "codename": "change_contenttype", "name": "Can change content type"}, "pk": 14}, {"model": "auth.permission", "fields": {"content_type": 5, "codename": "delete_contenttype", "name": "Can delete content type"}, "pk": 15}, {"model": "auth.permission", "fields": {"content_type": 6, "codename": "add_session", "name": "Can add session"}, "pk": 16}, {"model": "auth.permission", "fields": {"content_type": 6, "codename": "change_session", "name": "Can change session"}, "pk": 17}, {"model": "auth.permission", "fields": {"content_type": 6, "codename": "delete_session", "name": "Can delete session"}, "pk": 18}, {"model": "auth.permission", "fields": {"content_type": 7, "codename": "add_site", "name": "Can add site"}, "pk": 19}, {"model": "auth.permission", "fields": {"content_type": 7, "codename": "change_site", "name": "Can change site"}, "pk": 20}, {"model": "auth.permission", "fields": {"content_type": 7, "codename": "delete_site", "name": "Can delete site"}, "pk": 21}, {"model": "auth.permission", "fields": {"content_type": 8, "codename": "add_gallery", "name": "Can add gallery"}, "pk": 22}, {"model": "auth.permission", "fields": {"content_type": 8, "codename": "change_gallery", "name": "Can change gallery"}, "pk": 23}, {"model": "auth.permission", "fields": {"content_type": 8, "codename": "delete_gallery", "name": "Can delete gallery"}, "pk": 24}, {"model": "auth.permission", "fields": {"content_type": 9, "codename": "add_photo", "name": "Can add photo"}, "pk": 25}, {"model": "auth.permission", "fields": {"content_type": 9, "codename": "change_photo", "name": "Can change photo"}, "pk": 26}, {"model": "auth.permission", "fields": {"content_type": 9, "codename": "delete_photo", "name": "Can delete photo"}, "pk": 27}, {"model": "auth.permission", "fields": {"content_type": 10, "codename": "add_photoeffect", "name": "Can add photo effect"}, "pk": 28}, {"model": "auth.permission", "fields": {"content_type": 10, "codename": "change_photoeffect", "name": "Can change photo effect"}, "pk": 29}, {"model": "auth.permission", "fields": {"content_type": 10, "codename": "delete_photoeffect", "name": "Can delete photo effect"}, "pk": 30}, {"model": "auth.permission", "fields": {"content_type": 11, "codename": "add_watermark", "name": "Can add watermark"}, "pk": 31}, {"model": "auth.permission", "fields": {"content_type": 11, "codename": "change_watermark", "name": "Can change watermark"}, "pk": 32}, {"model": "auth.permission", "fields": {"content_type": 11, "codename": "delete_watermark", "name": "Can delete watermark"}, "pk": 33}, {"model": "auth.permission", "fields": {"content_type": 12, "codename": "add_photosize", "name": "Can add photo size"}, "pk": 34}, {"model": "auth.permission", "fields": {"content_type": 12, "codename": "change_photosize", "name": "Can change photo size"}, "pk": 35}, {"model": "auth.permission", "fields": {"content_type": 12, "codename": "delete_photosize", "name": "Can delete photo size"}, "pk": 36}, {"model": "auth.user", "fields": {"groups": [], "is_staff": true, "last_login": "2015-07-08T12:45:00.704Z", "is_active": true, "email": "reint@behoudenvan.nl", "last_name": "", "user_permissions": [], "date_joined": "2015-01-08T15:24:51.504Z", "first_name": "", "password": "pbkdf2_sha256$12000$hyAddtTVshpt$9s9NTVwxtIQ0OsH8KaDeX9tx9jvVzwaTDiymHwRpKuU=", "username": "cccplex", "is_superuser": true}, "pk": 1}, {"model": "admin.logentry", "fields": {"action_time": "2015-01-08T15:25:56.439Z", "object_id": "1", "object_repr": "ceramiek", "action_flag": 1, "user": 1, "content_type": 8, "change_message": ""}, "pk": 1}, {"model": "admin.logentry", "fields": {"action_time": "2015-01-08T15:26:59.582Z", "object_id": "1", "object_repr": "Delfts blauw bord", "action_flag": 1, "user": 1, "content_type": 9, "change_message": ""}, "pk": 2}, {"model": "admin.logentry", "fields": {"action_time": "2015-01-08T15:27:39.420Z", "object_id": "2", "object_repr": "Kan en Bord", "action_flag": 1, "user": 1, "content_type": 9, "change_message": ""}, "pk": 3}, {"model": "admin.logentry", "fields": {"action_time": "2015-01-08T15:28:41.864Z", "object_id": "1", "object_repr": "ceramiek", "action_flag": 2, "user": 1, "content_type": 8, "change_message": "Changed photos."}, "pk": 4}, {"model": "admin.logentry", "fields": {"action_time": "2015-01-08T15:29:00.947Z", "object_id": "1", "object_repr": "ceramiek", "action_flag": 2, "user": 1, "content_type": 8, "change_message": "No fields changed."}, "pk": 5}, {"model": "admin.logentry", "fields": {"action_time": "2015-01-08T15:31:37.249Z", "object_id": "2", "object_repr": "http://127.0.0.1:8000", "action_flag": 1, "user": 1, "content_type": 7, "change_message": ""}, "pk": 6}, {"model": "admin.logentry", "fields": {"action_time": "2015-01-08T16:24:24.375Z", "object_id": "2", "object_repr": "http://127.0.0.1:8000", "action_flag": 3, "user": 1, "content_type": 7, "change_message": ""}, "pk": 7}, {"model": "admin.logentry", "fields": {"action_time": "2015-01-13T15:17:26.812Z", "object_id": "2", "object_repr": "Houtsnijwerk", "action_flag": 1, "user": 1, "content_type": 8, "change_message": ""}, "pk": 8}, {"model": "admin.logentry", "fields": {"action_time": "2015-01-13T15:18:22.715Z", "object_id": "3", "object_repr": "Messing - Brons", "action_flag": 1, "user": 1, "content_type": 8, "change_message": ""}, "pk": 9}, {"model": "admin.logentry", "fields": {"action_time": "2015-01-13T15:19:36.194Z", "object_id": "4", "object_repr": "Tin", "action_flag": 1, "user": 1, "content_type": 8, "change_message": ""}, "pk": 10}, {"model": "admin.logentry", "fields": {"action_time": "2015-01-13T15:19:58.557Z", "object_id": "5", "object_repr": "Zilver", "action_flag": 1, "user": 1, "content_type": 8, "change_message": ""}, "pk": 11}, {"model": "admin.logentry", "fields": {"action_time": "2015-01-13T15:21:18.350Z", "object_id": "3", "object_repr": "Model Koets", "action_flag": 1, "user": 1, "content_type": 9, "change_message": ""}, "pk": 12}, {"model": "admin.logentry", "fields": {"action_time": "2015-01-13T15:21:30.778Z", "object_id": "4", "object_repr": "Hoekkast", "action_flag": 1, "user": 1, "content_type": 9, "change_message": ""}, "pk": 13}, {"model": "admin.logentry", "fields": {"action_time": "2015-01-13T15:22:06.166Z", "object_id": "5", "object_repr": "Cirkelkruis", "action_flag": 1, "user": 1, "content_type": 9, "change_message": ""}, "pk": 14}, {"model": "admin.logentry", "fields": {"action_time": "2015-01-13T15:22:36.761Z", "object_id": "6", "object_repr": "Maria en kind", "action_flag": 1, "user": 1, "content_type": 9, "change_message": ""}, "pk": 15}, {"model": "admin.logentry", "fields": {"action_time": "2015-01-13T15:23:05.453Z", "object_id": "7", "object_repr": "Kroon", "action_flag": 1, "user": 1, "content_type": 9, "change_message": ""}, "pk": 16}, {"model": "admin.logentry", "fields": {"action_time": "2015-01-13T15:29:04.796Z", "object_id": "3", "object_repr": "Messing - Brons", "action_flag": 2, "user": 1, "content_type": 8, "change_message": "photos gewijzigd."}, "pk": 17}, {"model": "admin.logentry", "fields": {"action_time": "2015-01-13T15:29:33.594Z", "object_id": "2", "object_repr": "Houtsnijwerk", "action_flag": 2, "user": 1, "content_type": 8, "change_message": "photos gewijzigd."}, "pk": 18}, {"model": "admin.logentry", "fields": {"action_time": "2015-01-13T18:20:23.450Z", "object_id": "1", "object_repr": "henkkamp.net", "action_flag": 2, "user": 1, "content_type": 7, "change_message": "domain en name gewijzigd."}, "pk": 19}, {"model": "admin.logentry", "fields": {"action_time": "2015-01-20T12:48:30.162Z", "object_id": "1", "object_repr": "roteer rechtsom", "action_flag": 1, "user": 1, "content_type": 10, "change_message": ""}, "pk": 20}, {"model": "admin.logentry", "fields": {"action_time": "2015-01-20T12:49:00.187Z", "object_id": "2", "object_repr": "roteer linksom", "action_flag": 1, "user": 1, "content_type": 10, "change_message": ""}, "pk": 21}, {"model": "admin.logentry", "fields": {"action_time": "2015-01-20T14:08:49.522Z", "object_id": "1", "object_repr": "ceramiek", "action_flag": 2, "user": 1, "content_type": 8, "change_message": "description en photos gewijzigd."}, "pk": 22}, {"model": "admin.logentry", "fields": {"action_time": "2015-01-20T14:12:47.434Z", "object_id": "8", "object_repr": "Tafel met stoelen", "action_flag": 1, "user": 1, "content_type": 9, "change_message": ""}, "pk": 23}, {"model": "admin.logentry", "fields": {"action_time": "2015-01-20T14:16:12.619Z", "object_id": "6", "object_repr": "Meubelen", "action_flag": 1, "user": 1, "content_type": 8, "change_message": ""}, "pk": 24}, {"model": "admin.logentry", "fields": {"action_time": "2015-01-20T14:16:46.597Z", "object_id": "6", "object_repr": "Meubels", "action_flag": 2, "user": 1, "content_type": 8, "change_message": "title, slug, description en photos gewijzigd."}, "pk": 25}, {"model": "admin.logentry", "fields": {"action_time": "2015-01-23T13:45:04.245Z", "object_id": "9", "object_repr": "Delftse pot", "action_flag": 1, "user": 1, "content_type": 9, "change_message": ""}, "pk": 26}, {"model": "admin.logentry", "fields": {"action_time": "2015-01-23T13:45:23.600Z", "object_id": "1", "object_repr": "ceramiek", "action_flag": 2, "user": 1, "content_type": 8, "change_message": "photos gewijzigd."}, "pk": 27}, {"model": "admin.logentry", "fields": {"action_time": "2015-04-29T15:07:56.508Z", "object_id": "1", "object_repr": "Ceramiek", "action_flag": 2, "user": 1, "content_type": 8, "change_message": "title en photos gewijzigd."}, "pk": 28}, {"model": "admin.logentry", "fields": {"action_time": "2015-04-29T15:08:28.016Z", "object_id": "6", "object_repr": "Meubels", "action_flag": 2, "user": 1, "content_type": 8, "change_message": "photos gewijzigd."}, "pk": 29}, {"model": "admin.logentry", "fields": {"action_time": "2015-04-29T15:08:38.509Z", "object_id": "6", "object_repr": "Meubels", "action_flag": 3, "user": 1, "content_type": 8, "change_message": ""}, "pk": 30}, {"model": "admin.logentry", "fields": {"action_time": "2015-05-13T14:25:17.456Z", "object_id": "9", "object_repr": "Delftse pot", "action_flag": 3, "user": 1, "content_type": 9, "change_message": ""}, "pk": 31}, {"model": "admin.logentry", "fields": {"action_time": "2015-05-13T14:25:17.460Z", "object_id": "8", "object_repr": "Tafel met stoelen", "action_flag": 3, "user": 1, "content_type": 9, "change_message": ""}, "pk": 32}, {"model": "admin.logentry", "fields": {"action_time": "2015-05-13T14:25:17.464Z", "object_id": "7", "object_repr": "Kroon", "action_flag": 3, "user": 1, "content_type": 9, "change_message": ""}, "pk": 33}, {"model": "admin.logentry", "fields": {"action_time": "2015-05-13T14:25:17.467Z", "object_id": "6", "object_repr": "Maria en kind", "action_flag": 3, "user": 1, "content_type": 9, "change_message": ""}, "pk": 34}, {"model": "admin.logentry", "fields": {"action_time": "2015-05-13T14:25:17.471Z", "object_id": "5", "object_repr": "Cirkelkruis", "action_flag": 3, "user": 1, "content_type": 9, "change_message": ""}, "pk": 35}, {"model": "admin.logentry", "fields": {"action_time": "2015-05-13T14:25:17.476Z", "object_id": "4", "object_repr": "Hoekkast", "action_flag": 3, "user": 1, "content_type": 9, "change_message": ""}, "pk": 36}, {"model": "admin.logentry", "fields": {"action_time": "2015-05-13T14:25:17.479Z", "object_id": "3", "object_repr": "Model Koets", "action_flag": 3, "user": 1, "content_type": 9, "change_message": ""}, "pk": 37}, {"model": "admin.logentry", "fields": {"action_time": "2015-05-13T14:25:17.483Z", "object_id": "2", "object_repr": "Kan en Bord", "action_flag": 3, "user": 1, "content_type": 9, "change_message": ""}, "pk": 38}, {"model": "admin.logentry", "fields": {"action_time": "2015-05-13T14:25:17.489Z", "object_id": "1", "object_repr": "Delfts blauw bord", "action_flag": 3, "user": 1, "content_type": 9, "change_message": ""}, "pk": 39}, {"model": "admin.logentry", "fields": {"action_time": "2015-05-13T14:28:02.654Z", "object_id": "1", "object_repr": "Ceramiek", "action_flag": 2, "user": 1, "content_type": 8, "change_message": "description gewijzigd."}, "pk": 40}, {"model": "admin.logentry", "fields": {"action_time": "2015-05-13T14:28:49.438Z", "object_id": "2", "object_repr": "Houtsnijwerk", "action_flag": 2, "user": 1, "content_type": 8, "change_message": "description gewijzigd."}, "pk": 41}, {"model": "admin.logentry", "fields": {"action_time": "2015-05-13T14:29:40.027Z", "object_id": "3", "object_repr": "Messing - Brons", "action_flag": 2, "user": 1, "content_type": 8, "change_message": "description gewijzigd."}, "pk": 42}, {"model": "admin.logentry", "fields": {"action_time": "2015-05-13T14:42:24.943Z", "object_id": "4", "object_repr": "Tin", "action_flag": 2, "user": 1, "content_type": 8, "change_message": "description gewijzigd."}, "pk": 43}, {"model": "admin.logentry", "fields": {"action_time": "2015-05-13T14:45:22.901Z", "object_id": "5", "object_repr": "Zilver", "action_flag": 2, "user": 1, "content_type": 8, "change_message": "description gewijzigd."}, "pk": 44}, {"model": "admin.logentry", "fields": {"action_time": "2015-05-13T15:03:36.994Z", "object_id": "10", "object_repr": "Wijnkelderkandelaar", "action_flag": 1, "user": 1, "content_type": 9, "change_message": ""}, "pk": 45}, {"model": "admin.logentry", "fields": {"action_time": "2015-05-13T15:04:15.598Z", "object_id": "11", "object_repr": "Chinese vaasjes", "action_flag": 1, "user": 1, "content_type": 9, "change_message": ""}, "pk": 46}, {"model": "admin.logentry", "fields": {"action_time": "2015-05-13T15:05:25.829Z", "object_id": "12", "object_repr": "Delftse vaas, 17e eeuw", "action_flag": 1, "user": 1, "content_type": 9, "change_message": ""}, "pk": 47}, {"model": "admin.logentry", "fields": {"action_time": "2015-05-13T15:06:32.977Z", "object_id": "13", "object_repr": "Delftse schotel, Willem & Mary", "action_flag": 1, "user": 1, "content_type": 9, "change_message": ""}, "pk": 48}, {"model": "admin.logentry", "fields": {"action_time": "2015-05-13T15:07:09.451Z", "object_id": "14", "object_repr": "Delftse schotel, bloemenvaas", "action_flag": 1, "user": 1, "content_type": 9, "change_message": ""}, "pk": 49}, {"model": "admin.logentry", "fields": {"action_time": "2015-05-13T15:07:57.697Z", "object_id": "15", "object_repr": "Delftse schotel, bloemen", "action_flag": 1, "user": 1, "content_type": 9, "change_message": ""}, "pk": 50}, {"model": "admin.logentry", "fields": {"action_time": "2015-05-13T15:08:17.141Z", "object_id": "16", "object_repr": "Delftse Scheerschotel", "action_flag": 1, "user": 1, "content_type": 9, "change_message": ""}, "pk": 51}, {"model": "admin.logentry", "fields": {"action_time": "2015-05-13T15:08:57.425Z", "object_id": "17", "object_repr": "Zilveren rammelaar", "action_flag": 1, "user": 1, "content_type": 9, "change_message": ""}, "pk": 52}, {"model": "admin.logentry", "fields": {"action_time": "2015-05-13T15:09:27.560Z", "object_id": "18", "object_repr": "Olielamp", "action_flag": 1, "user": 1, "content_type": 9, "change_message": ""}, "pk": 53}, {"model": "admin.logentry", "fields": {"action_time": "2015-05-13T15:09:33.067Z", "object_id": "18", "object_repr": "Olielamp", "action_flag": 2, "user": 1, "content_type": 9, "change_message": "Geen velden gewijzigd."}, "pk": 54}, {"model": "admin.logentry", "fields": {"action_time": "2015-05-13T15:09:56.376Z", "object_id": "19", "object_repr": "Zilveren kandelaar", "action_flag": 1, "user": 1, "content_type": 9, "change_message": ""}, "pk": 55}, {"model": "admin.logentry", "fields": {"action_time": "2015-05-13T15:10:22.954Z", "object_id": "20", "object_repr": "De Wachter.", "action_flag": 1, "user": 1, "content_type": 9, "change_message": ""}, "pk": 56}, {"model": "admin.logentry", "fields": {"action_time": "2015-05-13T15:11:45.519Z", "object_id": "21", "object_repr": "Engelenkop detail", "action_flag": 1, "user": 1, "content_type": 9, "change_message": ""}, "pk": 57}, {"model": "admin.logentry", "fields": {"action_time": "2015-05-13T15:12:15.128Z", "object_id": "22", "object_repr": "Engelenkop", "action_flag": 1, "user": 1, "content_type": 9, "change_message": ""}, "pk": 58}, {"model": "admin.logentry", "fields": {"action_time": "2015-05-13T15:12:54.362Z", "object_id": "23", "object_repr": "Chanouka, Judaica, Nederlands.", "action_flag": 1, "user": 1, "content_type": 9, "change_message": ""}, "pk": 59}, {"model": "admin.logentry", "fields": {"action_time": "2015-05-13T15:13:22.314Z", "object_id": "24", "object_repr": "Bord, reli\u00ebf tin", "action_flag": 1, "user": 1, "content_type": 9, "change_message": ""}, "pk": 60}, {"model": "admin.logentry", "fields": {"action_time": "2015-05-13T15:13:59.333Z", "object_id": "25", "object_repr": "Delfts bordje", "action_flag": 1, "user": 1, "content_type": 9, "change_message": ""}, "pk": 61}, {"model": "admin.logentry", "fields": {"action_time": "2015-05-13T15:14:56.276Z", "object_id": "26", "object_repr": "Delfts bordje, bloemenvaas.", "action_flag": 1, "user": 1, "content_type": 9, "change_message": ""}, "pk": 62}, {"model": "admin.logentry", "fields": {"action_time": "2015-05-13T15:15:31.627Z", "object_id": "27", "object_repr": "Delfts bordje, boeren landschap", "action_flag": 1, "user": 1, "content_type": 9, "change_message": ""}, "pk": 63}, {"model": "admin.logentry", "fields": {"action_time": "2015-05-13T15:16:39.164Z", "object_id": "28", "object_repr": "Delfts bordje, bloemen", "action_flag": 1, "user": 1, "content_type": 9, "change_message": ""}, "pk": 64}, {"model": "admin.logentry", "fields": {"action_time": "2015-05-13T15:18:26.963Z", "object_id": "25", "object_repr": "Delfts bordje, vaas", "action_flag": 2, "user": 1, "content_type": 9, "change_message": "title gewijzigd."}, "pk": 65}, {"model": "admin.logentry", "fields": {"action_time": "2015-05-13T15:19:28.528Z", "object_id": "26", "object_repr": "Delfts bordje, bloemenvaas met rood", "action_flag": 2, "user": 1, "content_type": 9, "change_message": "title gewijzigd."}, "pk": 66}, {"model": "admin.logentry", "fields": {"action_time": "2015-05-13T15:20:17.016Z", "object_id": "26", "object_repr": "Delfts bordje, bloemenvaas met gele ring.", "action_flag": 2, "user": 1, "content_type": 9, "change_message": "title gewijzigd."}, "pk": 67}, {"model": "admin.logentry", "fields": {"action_time": "2015-05-13T15:20:42.587Z", "object_id": "25", "object_repr": "Delfts bordje, bloemenvaas", "action_flag": 2, "user": 1, "content_type": 9, "change_message": "title gewijzigd."}, "pk": 68}, {"model": "admin.logentry", "fields": {"action_time": "2015-05-13T15:20:54.149Z", "object_id": "26", "object_repr": "Delfts bordje, bloemenvaas met gele ring", "action_flag": 2, "user": 1, "content_type": 9, "change_message": "title gewijzigd."}, "pk": 69}, {"model": "admin.logentry", "fields": {"action_time": "2015-05-13T15:21:04.430Z", "object_id": "23", "object_repr": "Chanouka, Judaica, Nederlands", "action_flag": 2, "user": 1, "content_type": 9, "change_message": "title gewijzigd."}, "pk": 70}, {"model": "admin.logentry", "fields": {"action_time": "2015-05-13T15:21:37.209Z", "object_id": "5", "object_repr": "Zilver", "action_flag": 2, "user": 1, "content_type": 8, "change_message": "photos gewijzigd."}, "pk": 71}, {"model": "admin.logentry", "fields": {"action_time": "2015-05-13T15:21:58.099Z", "object_id": "4", "object_repr": "Tin", "action_flag": 2, "user": 1, "content_type": 8, "change_message": "photos gewijzigd."}, "pk": 72}, {"model": "admin.logentry", "fields": {"action_time": "2015-05-13T15:22:19.737Z", "object_id": "3", "object_repr": "Messing - Brons", "action_flag": 2, "user": 1, "content_type": 8, "change_message": "photos gewijzigd."}, "pk": 73}, {"model": "admin.logentry", "fields": {"action_time": "2015-05-13T15:22:41.013Z", "object_id": "2", "object_repr": "Houtsnijwerk", "action_flag": 2, "user": 1, "content_type": 8, "change_message": "photos gewijzigd."}, "pk": 74}, {"model": "admin.logentry", "fields": {"action_time": "2015-05-13T15:22:47.938Z", "object_id": "3", "object_repr": "Messing - Brons", "action_flag": 2, "user": 1, "content_type": 8, "change_message": "Geen velden gewijzigd."}, "pk": 75}, {"model": "admin.logentry", "fields": {"action_time": "2015-05-13T15:23:10.835Z", "object_id": "1", "object_repr": "Ceramiek", "action_flag": 2, "user": 1, "content_type": 8, "change_message": "photos gewijzigd."}, "pk": 76}, {"model": "admin.logentry", "fields": {"action_time": "2015-05-28T14:09:20.951Z", "object_id": "5", "object_repr": "Zilver", "action_flag": 2, "user": 1, "content_type": 8, "change_message": "photos gewijzigd."}, "pk": 77}, {"model": "admin.logentry", "fields": {"action_time": "2015-05-28T14:10:39.757Z", "object_id": "4", "object_repr": "Tin", "action_flag": 2, "user": 1, "content_type": 8, "change_message": "photos gewijzigd."}, "pk": 78}, {"model": "admin.logentry", "fields": {"action_time": "2015-05-28T14:11:23.896Z", "object_id": "3", "object_repr": "Messing - Brons", "action_flag": 2, "user": 1, "content_type": 8, "change_message": "photos gewijzigd."}, "pk": 79}, {"model": "admin.logentry", "fields": {"action_time": "2015-05-28T14:12:43.902Z", "object_id": "1", "object_repr": "Ceramiek", "action_flag": 2, "user": 1, "content_type": 8, "change_message": "photos gewijzigd."}, "pk": 80}, {"model": "admin.logentry", "fields": {"action_time": "2015-05-28T14:14:15.961Z", "object_id": "1", "object_repr": "Ceramiek", "action_flag": 2, "user": 1, "content_type": 8, "change_message": "photos gewijzigd."}, "pk": 81}, {"model": "admin.logentry", "fields": {"action_time": "2015-05-28T14:15:34.921Z", "object_id": "1", "object_repr": "Ceramiek", "action_flag": 2, "user": 1, "content_type": 8, "change_message": "photos gewijzigd."}, "pk": 82}, {"model": "admin.logentry", "fields": {"action_time": "2015-05-28T14:36:18.798Z", "object_id": "29", "object_repr": "Stel 18e eeuwse theebusjes ", "action_flag": 1, "user": 1, "content_type": 9, "change_message": ""}, "pk": 83}, {"model": "admin.logentry", "fields": {"action_time": "2015-05-28T14:37:07.089Z", "object_id": "4", "object_repr": "Tin", "action_flag": 2, "user": 1, "content_type": 8, "change_message": "photos gewijzigd."}, "pk": 84}, {"model": "admin.logentry", "fields": {"action_time": "2015-07-07T13:06:51.297Z", "object_id": "30", "object_repr": "cabaret 18e eeuw", "action_flag": 1, "user": 1, "content_type": 9, "change_message": ""}, "pk": 85}, {"model": "admin.logentry", "fields": {"action_time": "2015-07-07T13:08:31.145Z", "object_id": "31", "object_repr": "kandelaar 17e 18e eeuw", "action_flag": 1, "user": 1, "content_type": 9, "change_message": ""}, "pk": 86}, {"model": "admin.logentry", "fields": {"action_time": "2015-07-07T13:11:58.762Z", "object_id": "32", "object_repr": "Johann Daniel Herz: Jerusalem", "action_flag": 1, "user": 1, "content_type": 9, "change_message": ""}, "pk": 87}, {"model": "admin.logentry", "fields": {"action_time": "2015-07-07T13:21:30.419Z", "object_id": "33", "object_repr": "Kardinaalschotel 17e eeuw Parijs", "action_flag": 1, "user": 1, "content_type": 9, "change_message": ""}, "pk": 88}, {"model": "admin.logentry", "fields": {"action_time": "2015-07-07T13:26:57.193Z", "object_id": "7", "object_repr": "Kaarten en Prenten", "action_flag": 1, "user": 1, "content_type": 8, "change_message": ""}, "pk": 89}, {"model": "admin.logentry", "fields": {"action_time": "2015-07-07T13:27:34.289Z", "object_id": "7", "object_repr": "Kaarten en Prenten", "action_flag": 2, "user": 1, "content_type": 8, "change_message": "photos gewijzigd."}, "pk": 90}, {"model": "admin.logentry", "fields": {"action_time": "2015-07-07T13:28:24.438Z", "object_id": "4", "object_repr": "Tin", "action_flag": 2, "user": 1, "content_type": 8, "change_message": "photos gewijzigd."}, "pk": 91}, {"model": "admin.logentry", "fields": {"action_time": "2015-07-07T13:29:19.227Z", "object_id": "3", "object_repr": "Messing - Brons", "action_flag": 2, "user": 1, "content_type": 8, "change_message": "photos gewijzigd."}, "pk": 92}, {"model": "admin.logentry", "fields": {"action_time": "2015-07-08T12:47:38.495Z", "object_id": "34", "object_repr": "vogelkooij", "action_flag": 1, "user": 1, "content_type": 9, "change_message": ""}, "pk": 93}, {"model": "admin.logentry", "fields": {"action_time": "2015-07-08T12:47:50.518Z", "object_id": "34", "object_repr": "vogelkooij", "action_flag": 2, "user": 1, "content_type": 9, "change_message": "is_public gewijzigd."}, "pk": 94}, {"model": "admin.logentry", "fields": {"action_time": "2015-07-08T14:52:11.892Z", "object_id": "8", "object_repr": "woensdag", "action_flag": 3, "user": 1, "content_type": 8, "change_message": ""}, "pk": 95}]